,date,quarter,trade_date,holding_period,tickers,portfolio_value,daily_return,cum_return,quarter_return
0,2022-08-16,2022-06-30,2022-08-16,2022-08-16 to 2022-11-15,"['AMZN', 'CNI', 'CRWD', 'FISV', 'KDP', 'MCO', 'MPWR', 'MSFT', 'SPGI', 'TMUS']",9726.58202847322,,-0.027341797152678038,-0.13927237986455898
1,2022-08-17,2022-06-30,2022-08-16,2022-08-16 to 2022-11-15,"['AMZN', 'CNI', 'CRWD', 'FISV', 'KDP', 'MCO', 'MPWR', 'MSFT', 'SPGI', 'TMUS']",9634.191104364458,-0.009498806861269471,-0.03658088956355421,-0.13927237986455898
2,2022-08-18,2022-06-30,2022-08-16,2022-08-16 to 2022-11-15,"['AMZN', 'CNI', 'CRWD', 'FISV', 'KDP', 'MCO', 'MPWR', 'MSFT', 'SPGI', 'TMUS']",9654.834394760177,0.002142711325953117,-0.03451656052398233,-0.13927237986455898
3,2022-08-19,2022-06-30,2022-08-16,2022-08-16 to 2022-11-15,"['AMZN', 'CNI', 'CRWD', 'FISV', 'KDP', 'MCO', 'MPWR', 'MSFT', 'SPGI', 'TMUS']",9493.030692069084,-0.0167588273475624,-0.05069693079309168,-0.13927237986455898
4,2022-08-22,2022-06-30,2022-08-16,2022-08-16 to 2022-11-15,"['AMZN', 'CNI', 'CRWD', 'FISV', 'KDP', 'MCO', 'MPWR', 'MSFT', 'SPGI', 'TMUS']",9280.87211293854,-0.022348877404114065,-0.07191278870614604,-0.13927237986455898
5,2022-08-23,2022-06-30,2022-08-16,2022-08-16 to 2022-11-15,"['AMZN', 'CNI', 'CRWD', 'FISV', 'KDP', 'MCO', 'MPWR', 'MSFT', 'SPGI', 'TMUS']",9282.159948439301,0.00013876233667375892,-0.07178400515606986,-0.13927237986455898
6,2022-08-24,2022-06-30,2022-08-16,2022-08-16 to 2022-11-15,"['AMZN', 'CNI', 'CRWD', 'FISV', 'KDP', 'MCO', 'MPWR', 'MSFT', 'SPGI', 'TMUS']",9317.134093067356,0.003767888597301594,-0.06828659069326437,-0.13927237986455898
7,2022-08-25,2022-06-30,2022-08-16,2022-08-16 to 2022-11-15,"['AMZN', 'CNI', 'CRWD', 'FISV', 'KDP', 'MCO', 'MPWR', 'MSFT', 'SPGI', 'TMUS']",9490.601874755903,0.018618148022321535,-0.05093981252440971,-0.13927237986455898
8,2022-08-26,2022-06-30,2022-08-16,2022-08-16 to 2022-11-15,"['AMZN', 'CNI', 'CRWD', 'FISV', 'KDP', 'MCO', 'MPWR', 'MSFT', 'SPGI', 'TMUS']",9117.280818888094,-0.0393358672921269,-0.08827191811119062,-0.13927237986455898
9,2022-08-29,2022-06-30,2022-08-16,2022-08-16 to 2022-11-15,"['AMZN', 'CNI', 'CRWD', 'FISV', 'KDP', 'MCO', 'MPWR', 'MSFT', 'SPGI', 'TMUS']",9051.026795622769,-0.007266862190760559,-0.09489732043772314,-0.13927237986455898
10,2022-08-30,2022-06-30,2022-08-16,2022-08-16 to 2022-11-15,"['AMZN', 'CNI', 'CRWD', 'FISV', 'KDP', 'MCO', 'MPWR', 'MSFT', 'SPGI', 'TMUS']",8977.231748061851,-0.008153223852635838,-0.10227682519381487,-0.13927237986455898
11,2022-08-31,2022-06-30,2022-08-16,2022-08-16 to 2022-11-15,"['AMZN', 'CNI', 'CRWD', 'FISV', 'KDP', 'MCO', 'MPWR', 'MSFT', 'SPGI', 'TMUS']",8847.280118889477,-0.014475690593643176,-0.11527198811105221,-0.13927237986455898
12,2022-09-01,2022-06-30,2022-08-16,2022-08-16 to 2022-11-15,"['AMZN', 'CNI', 'CRWD', 'FISV', 'KDP', 'MCO', 'MPWR', 'MSFT', 'SPGI', 'TMUS']",8772.729437201115,-0.008426395534735343,-0.12272705627988856,-0.13927237986455898
13,2022-09-02,2022-06-30,2022-08-16,2022-08-16 to 2022-11-15,"['AMZN', 'CNI', 'CRWD', 'FISV', 'KDP', 'MCO', 'MPWR', 'MSFT', 'SPGI', 'TMUS']",8688.062385458688,-0.009651164138653634,-0.1311937614541312,-0.13927237986455898
14,2022-09-06,2022-06-30,2022-08-16,2022-08-16 to 2022-11-15,"['AMZN', 'CNI', 'CRWD', 'FISV', 'KDP', 'MCO', 'MPWR', 'MSFT', 'SPGI', 'TMUS']",8700.340931591982,0.0014132663404724521,-0.12996590684080178,-0.13927237986455898
15,2022-09-07,2022-06-30,2022-08-16,2022-08-16 to 2022-11-15,"['AMZN', 'CNI', 'CRWD', 'FISV', 'KDP', 'MCO', 'MPWR', 'MSFT', 'SPGI', 'TMUS']",8871.537665728047,0.0196770144391043,-0.11284623342719535,-0.13927237986455898
16,2022-09-08,2022-06-30,2022-08-16,2022-08-16 to 2022-11-15,"['AMZN', 'CNI', 'CRWD', 'FISV', 'KDP', 'MCO', 'MPWR', 'MSFT', 'SPGI', 'TMUS']",8957.619221799085,0.00970311566207771,-0.10423807782009153,-0.13927237986455898
17,2022-09-09,2022-06-30,2022-08-16,2022-08-16 to 2022-11-15,"['AMZN', 'CNI', 'CRWD', 'FISV', 'KDP', 'MCO', 'MPWR', 'MSFT', 'SPGI', 'TMUS']",9121.004480129897,0.018239808400562607,-0.08789955198701027,-0.13927237986455898
18,2022-09-12,2022-06-30,2022-08-16,2022-08-16 to 2022-11-15,"['AMZN', 'CNI', 'CRWD', 'FISV', 'KDP', 'MCO', 'MPWR', 'MSFT', 'SPGI', 'TMUS']",9229.352449011816,0.011878951393780701,-0.07706475509881838,-0.13927237986455898
19,2022-09-13,2022-06-30,2022-08-16,2022-08-16 to 2022-11-15,"['AMZN', 'CNI', 'CRWD', 'FISV', 'KDP', 'MCO', 'MPWR', 'MSFT', 'SPGI', 'TMUS']",8808.040558590004,-0.04564912790462583,-0.11919594414099954,-0.13927237986455898
20,2022-09-14,2022-06-30,2022-08-16,2022-08-16 to 2022-11-15,"['AMZN', 'CNI', 'CRWD', 'FISV', 'KDP', 'MCO', 'MPWR', 'MSFT', 'SPGI', 'TMUS']",8828.518545476054,0.002324919685579685,-0.1171481454523946,-0.13927237986455898
21,2022-09-15,2022-06-30,2022-08-16,2022-08-16 to 2022-11-15,"['AMZN', 'CNI', 'CRWD', 'FISV', 'KDP', 'MCO', 'MPWR', 'MSFT', 'SPGI', 'TMUS']",8682.236974392481,-0.016569209242759175,-0.1317763025607519,-0.13927237986455898
22,2022-09-16,2022-06-30,2022-08-16,2022-08-16 to 2022-11-15,"['AMZN', 'CNI', 'CRWD', 'FISV', 'KDP', 'MCO', 'MPWR', 'MSFT', 'SPGI', 'TMUS']",8579.14790792196,-0.01187356055525468,-0.14208520920780388,-0.13927237986455898
23,2022-09-19,2022-06-30,2022-08-16,2022-08-16 to 2022-11-15,"['AMZN', 'CNI', 'CRWD', 'FISV', 'KDP', 'MCO', 'MPWR', 'MSFT', 'SPGI', 'TMUS']",8627.981910912245,0.005692174038075759,-0.13720180890877542,-0.13927237986455898
24,2022-09-20,2022-06-30,2022-08-16,2022-08-16 to 2022-11-15,"['AMZN', 'CNI', 'CRWD', 'FISV', 'KDP', 'MCO', 'MPWR', 'MSFT', 'SPGI', 'TMUS']",8511.227987817227,-0.013532008330633394,-0.1488772012182773,-0.13927237986455898
25,2022-09-21,2022-06-30,2022-08-16,2022-08-16 to 2022-11-15,"['AMZN', 'CNI', 'CRWD', 'FISV', 'KDP', 'MCO', 'MPWR', 'MSFT', 'SPGI', 'TMUS']",8348.56688151505,-0.0191113557920205,-0.16514331184849507,-0.13927237986455898
26,2022-09-22,2022-06-30,2022-08-16,2022-08-16 to 2022-11-15,"['AMZN', 'CNI', 'CRWD', 'FISV', 'KDP', 'MCO', 'MPWR', 'MSFT', 'SPGI', 'TMUS']",8174.099179721435,-0.02089792227452969,-0.18259008202785654,-0.13927237986455898
27,2022-09-23,2022-06-30,2022-08-16,2022-08-16 to 2022-11-15,"['AMZN', 'CNI', 'CRWD', 'FISV', 'KDP', 'MCO', 'MPWR', 'MSFT', 'SPGI', 'TMUS']",8058.5336177662175,-0.0141380180756695,-0.1941466382233783,-0.13927237986455898
28,2022-09-26,2022-06-30,2022-08-16,2022-08-16 to 2022-11-15,"['AMZN', 'CNI', 'CRWD', 'FISV', 'KDP', 'MCO', 'MPWR', 'MSFT', 'SPGI', 'TMUS']",8007.752619389064,-0.006301518463011524,-0.19922473806109353,-0.13927237986455898
29,2022-09-27,2022-06-30,2022-08-16,2022-08-16 to 2022-11-15,"['AMZN', 'CNI', 'CRWD', 'FISV', 'KDP', 'MCO', 'MPWR', 'MSFT', 'SPGI', 'TMUS']",7978.591294512468,-0.003641636581778074,-0.20214087054875318,-0.13927237986455898
30,2022-09-28,2022-06-30,2022-08-16,2022-08-16 to 2022-11-15,"['AMZN', 'CNI', 'CRWD', 'FISV', 'KDP', 'MCO', 'MPWR', 'MSFT', 'SPGI', 'TMUS']",8129.74853961265,0.01894535507842665,-0.187025146038735,-0.13927237986455898
31,2022-09-29,2022-06-30,2022-08-16,2022-08-16 to 2022-11-15,"['AMZN', 'CNI', 'CRWD', 'FISV', 'KDP', 'MCO', 'MPWR', 'MSFT', 'SPGI', 'TMUS']",7999.691791645802,-0.015997634777156877,-0.2000308208354198,-0.13927237986455898
32,2022-09-30,2022-06-30,2022-08-16,2022-08-16 to 2022-11-15,"['AMZN', 'CNI', 'CRWD', 'FISV', 'KDP', 'MCO', 'MPWR', 'MSFT', 'SPGI', 'TMUS']",7904.219533851287,-0.011934492013082054,-0.20957804661487123,-0.13927237986455898
33,2022-10-03,2022-06-30,2022-08-16,2022-08-16 to 2022-11-15,"['AMZN', 'CNI', 'CRWD', 'FISV', 'KDP', 'MCO', 'MPWR', 'MSFT', 'SPGI', 'TMUS']",8152.539849353745,0.031416171380233004,-0.1847460150646255,-0.13927237986455898
34,2022-10-04,2022-06-30,2022-08-16,2022-08-16 to 2022-11-15,"['AMZN', 'CNI', 'CRWD', 'FISV', 'KDP', 'MCO', 'MPWR', 'MSFT', 'SPGI', 'TMUS']",8415.609281262625,0.03226840184408708,-0.1584390718737375,-0.13927237986455898
35,2022-10-05,2022-06-30,2022-08-16,2022-08-16 to 2022-11-15,"['AMZN', 'CNI', 'CRWD', 'FISV', 'KDP', 'MCO', 'MPWR', 'MSFT', 'SPGI', 'TMUS']",8427.078145599362,0.001362808556508499,-0.15729218544006385,-0.13927237986455898
36,2022-10-06,2022-06-30,2022-08-16,2022-08-16 to 2022-11-15,"['AMZN', 'CNI', 'CRWD', 'FISV', 'KDP', 'MCO', 'MPWR', 'MSFT', 'SPGI', 'TMUS']",8334.180310760232,-0.011023730079878447,-0.1665819689239768,-0.13927237986455898
37,2022-10-07,2022-06-30,2022-08-16,2022-08-16 to 2022-11-15,"['AMZN', 'CNI', 'CRWD', 'FISV', 'KDP', 'MCO', 'MPWR', 'MSFT', 'SPGI', 'TMUS']",8056.644343613043,-0.033300931441195614,-0.1943355656386957,-0.13927237986455898
38,2022-10-10,2022-06-30,2022-08-16,2022-08-16 to 2022-11-15,"['AMZN', 'CNI', 'CRWD', 'FISV', 'KDP', 'MCO', 'MPWR', 'MSFT', 'SPGI', 'TMUS']",7927.57004626813,-0.01602085084558036,-0.20724299537318702,-0.13927237986455898
39,2022-10-11,2022-06-30,2022-08-16,2022-08-16 to 2022-11-15,"['AMZN', 'CNI', 'CRWD', 'FISV', 'KDP', 'MCO', 'MPWR', 'MSFT', 'SPGI', 'TMUS']",7806.720874947124,-0.015244163169254477,-0.2193279125052876,-0.13927237986455898
40,2022-10-12,2022-06-30,2022-08-16,2022-08-16 to 2022-11-15,"['AMZN', 'CNI', 'CRWD', 'FISV', 'KDP', 'MCO', 'MPWR', 'MSFT', 'SPGI', 'TMUS']",7729.201201118266,-0.009929863648337811,-0.22707987988817335,-0.13927237986455898
41,2022-10-13,2022-06-30,2022-08-16,2022-08-16 to 2022-11-15,"['AMZN', 'CNI', 'CRWD', 'FISV', 'KDP', 'MCO', 'MPWR', 'MSFT', 'SPGI', 'TMUS']",7828.726980909441,0.01287659322114365,-0.21712730190905583,-0.13927237986455898
42,2022-10-14,2022-06-30,2022-08-16,2022-08-16 to 2022-11-15,"['AMZN', 'CNI', 'CRWD', 'FISV', 'KDP', 'MCO', 'MPWR', 'MSFT', 'SPGI', 'TMUS']",7598.767726790805,-0.029373773626210076,-0.2401232273209195,-0.13927237986455898
43,2022-10-17,2022-06-30,2022-08-16,2022-08-16 to 2022-11-15,"['AMZN', 'CNI', 'CRWD', 'FISV', 'KDP', 'MCO', 'MPWR', 'MSFT', 'SPGI', 'TMUS']",7852.993829093224,0.03345622756780675,-0.21470061709067756,-0.13927237986455898
44,2022-10-18,2022-06-30,2022-08-16,2022-08-16 to 2022-11-15,"['AMZN', 'CNI', 'CRWD', 'FISV', 'KDP', 'MCO', 'MPWR', 'MSFT', 'SPGI', 'TMUS']",7961.421189604135,0.013807136853873025,-0.20385788103958646,-0.13927237986455898
45,2022-10-19,2022-06-30,2022-08-16,2022-08-16 to 2022-11-15,"['AMZN', 'CNI', 'CRWD', 'FISV', 'KDP', 'MCO', 'MPWR', 'MSFT', 'SPGI', 'TMUS']",7871.29915298678,-0.011319842835979421,-0.21287008470132196,-0.13927237986455898
46,2022-10-20,2022-06-30,2022-08-16,2022-08-16 to 2022-11-15,"['AMZN', 'CNI', 'CRWD', 'FISV', 'KDP', 'MCO', 'MPWR', 'MSFT', 'SPGI', 'TMUS']",7812.732490582684,-0.007440533165592345,-0.21872675094173166,-0.13927237986455898
47,2022-10-21,2022-06-30,2022-08-16,2022-08-16 to 2022-11-15,"['AMZN', 'CNI', 'CRWD', 'FISV', 'KDP', 'MCO', 'MPWR', 'MSFT', 'SPGI', 'TMUS']",7974.58050244836,0.020715929037729675,-0.20254194975516404,-0.13927237986455898
48,2022-10-24,2022-06-30,2022-08-16,2022-08-16 to 2022-11-15,"['AMZN', 'CNI', 'CRWD', 'FISV', 'KDP', 'MCO', 'MPWR', 'MSFT', 'SPGI', 'TMUS']",8067.806118541497,0.011690347356141828,-0.19321938814585027,-0.13927237986455898
49,2022-10-25,2022-06-30,2022-08-16,2022-08-16 to 2022-11-15,"['AMZN', 'CNI', 'CRWD', 'FISV', 'KDP', 'MCO', 'MPWR', 'MSFT', 'SPGI', 'TMUS']",8244.442011251951,0.02189391888143022,-0.17555579887480488,-0.13927237986455898
50,2022-10-26,2022-06-30,2022-08-16,2022-08-16 to 2022-11-15,"['AMZN', 'CNI', 'CRWD', 'FISV', 'KDP', 'MCO', 'MPWR', 'MSFT', 'SPGI', 'TMUS']",8174.761291339205,-0.008451841836918272,-0.18252387086607946,-0.13927237986455898
51,2022-10-27,2022-06-30,2022-08-16,2022-08-16 to 2022-11-15,"['AMZN', 'CNI', 'CRWD', 'FISV', 'KDP', 'MCO', 'MPWR', 'MSFT', 'SPGI', 'TMUS']",8112.990617806328,-0.007556266333834105,-0.18870093821936718,-0.13927237986455898
52,2022-10-28,2022-06-30,2022-08-16,2022-08-16 to 2022-11-15,"['AMZN', 'CNI', 'CRWD', 'FISV', 'KDP', 'MCO', 'MPWR', 'MSFT', 'SPGI', 'TMUS']",8304.832954026222,0.02364631555210228,-0.16951670459737778,-0.13927237986455898
53,2022-10-31,2022-06-30,2022-08-16,2022-08-16 to 2022-11-15,"['AMZN', 'CNI', 'CRWD', 'FISV', 'KDP', 'MCO', 'MPWR', 'MSFT', 'SPGI', 'TMUS']",8216.9245070066,-0.010585215561380146,-0.1783075492993399,-0.13927237986455898
54,2022-11-01,2022-06-30,2022-08-16,2022-08-16 to 2022-11-15,"['AMZN', 'CNI', 'CRWD', 'FISV', 'KDP', 'MCO', 'MPWR', 'MSFT', 'SPGI', 'TMUS']",8153.850447178744,-0.007676115287912566,-0.18461495528212568,-0.13927237986455898
55,2022-11-02,2022-06-30,2022-08-16,2022-08-16 to 2022-11-15,"['AMZN', 'CNI', 'CRWD', 'FISV', 'KDP', 'MCO', 'MPWR', 'MSFT', 'SPGI', 'TMUS']",7887.165383316154,-0.03270664155421987,-0.21128346166838463,-0.13927237986455898
56,2022-11-03,2022-06-30,2022-08-16,2022-08-16 to 2022-11-15,"['AMZN', 'CNI', 'CRWD', 'FISV', 'KDP', 'MCO', 'MPWR', 'MSFT', 'SPGI', 'TMUS']",7722.0301384454615,-0.02093721087933631,-0.22779698615545385,-0.13927237986455898
57,2022-11-04,2022-06-30,2022-08-16,2022-08-16 to 2022-11-15,"['AMZN', 'CNI', 'CRWD', 'FISV', 'KDP', 'MCO', 'MPWR', 'MSFT', 'SPGI', 'TMUS']",7794.211560841923,0.00934746706531131,-0.22057884391580773,-0.13927237986455898
58,2022-11-07,2022-06-30,2022-08-16,2022-08-16 to 2022-11-15,"['AMZN', 'CNI', 'CRWD', 'FISV', 'KDP', 'MCO', 'MPWR', 'MSFT', 'SPGI', 'TMUS']",7866.920406368274,0.00932856966465212,-0.2133079593631726,-0.13927237986455898
59,2022-11-08,2022-06-30,2022-08-16,2022-08-16 to 2022-11-15,"['AMZN', 'CNI', 'CRWD', 'FISV', 'KDP', 'MCO', 'MPWR', 'MSFT', 'SPGI', 'TMUS']",7934.7830483239695,0.008626328785627635,-0.206521695167603,-0.13927237986455898
60,2022-11-09,2022-06-30,2022-08-16,2022-08-16 to 2022-11-15,"['AMZN', 'CNI', 'CRWD', 'FISV', 'KDP', 'MCO', 'MPWR', 'MSFT', 'SPGI', 'TMUS']",7764.303168135333,-0.02148513439502875,-0.22356968318646664,-0.13927237986455898
61,2022-11-10,2022-06-30,2022-08-16,2022-08-16 to 2022-11-15,"['AMZN', 'CNI', 'CRWD', 'FISV', 'KDP', 'MCO', 'MPWR', 'MSFT', 'SPGI', 'TMUS']",8315.944457288293,0.07104839638628402,-0.16840555427117065,-0.13927237986455898
62,2022-11-11,2022-06-30,2022-08-16,2022-08-16 to 2022-11-15,"['AMZN', 'CNI', 'CRWD', 'FISV', 'KDP', 'MCO', 'MPWR', 'MSFT', 'SPGI', 'TMUS']",8425.825280180155,0.013213270417596457,-0.1574174719819844,-0.13927237986455898
63,2022-11-14,2022-06-30,2022-08-16,2022-08-16 to 2022-11-15,"['AMZN', 'CNI', 'CRWD', 'FISV', 'KDP', 'MCO', 'MPWR', 'MSFT', 'SPGI', 'TMUS']",8269.955460376177,-0.018499056723930263,-0.1730044539623823,-0.13927237986455898
64,2022-11-15,2022-06-30,2022-08-16,2022-08-16 to 2022-11-15,"['AMZN', 'CNI', 'CRWD', 'FISV', 'KDP', 'MCO', 'MPWR', 'MSFT', 'SPGI', 'TMUS']",8371.937801419905,0.01233166750804826,-0.16280621985800958,-0.13927237986455898
65,2022-11-16,2022-09-30,2022-11-16,2022-11-16 to 2023-02-15,"['AMZN', 'CNI', 'FISV', 'MCO', 'MSFT', 'RH', 'SPGI', 'TEAM', 'WMS', 'ZS']",8391.093699911882,0.0022881080756151917,-0.16089063000881176,0.11009831515656221
66,2022-11-17,2022-09-30,2022-11-16,2022-11-16 to 2023-02-15,"['AMZN', 'CNI', 'FISV', 'MCO', 'MSFT', 'RH', 'SPGI', 'TEAM', 'WMS', 'ZS']",8237.1609949449,-0.01834477250189681,-0.17628390050551002,0.11009831515656221
67,2022-11-18,2022-09-30,2022-11-16,2022-11-16 to 2023-02-15,"['AMZN', 'CNI', 'FISV', 'MCO', 'MSFT', 'RH', 'SPGI', 'TEAM', 'WMS', 'ZS']",8256.30305995084,0.0023238668052849576,-0.17436969400491598,0.11009831515656221
68,2022-11-21,2022-09-30,2022-11-16,2022-11-16 to 2023-02-15,"['AMZN', 'CNI', 'FISV', 'MCO', 'MSFT', 'RH', 'SPGI', 'TEAM', 'WMS', 'ZS']",8196.82869043709,-0.007203510951801717,-0.18031713095629098,0.11009831515656221
69,2022-11-22,2022-09-30,2022-11-16,2022-11-16 to 2023-02-15,"['AMZN', 'CNI', 'FISV', 'MCO', 'MSFT', 'RH', 'SPGI', 'TEAM', 'WMS', 'ZS']",8295.889340138152,0.012085240944053277,-0.17041106598618483,0.11009831515656221
70,2022-11-23,2022-09-30,2022-11-16,2022-11-16 to 2023-02-15,"['AMZN', 'CNI', 'FISV', 'MCO', 'MSFT', 'RH', 'SPGI', 'TEAM', 'WMS', 'ZS']",8462.309594438071,0.02006056824971436,-0.1537690405561929,0.11009831515656221
71,2022-11-25,2022-09-30,2022-11-16,2022-11-16 to 2023-02-15,"['AMZN', 'CNI', 'FISV', 'MCO', 'MSFT', 'RH', 'SPGI', 'TEAM', 'WMS', 'ZS']",8467.541168813901,0.0006182206308391613,-0.15324588311860987,0.11009831515656221
72,2022-11-28,2022-09-30,2022-11-16,2022-11-16 to 2023-02-15,"['AMZN', 'CNI', 'FISV', 'MCO', 'MSFT', 'RH', 'SPGI', 'TEAM', 'WMS', 'ZS']",8358.76599928598,-0.012846134120793051,-0.16412340007140191,0.11009831515656221
73,2022-11-29,2022-09-30,2022-11-16,2022-11-16 to 2023-02-15,"['AMZN', 'CNI', 'FISV', 'MCO', 'MSFT', 'RH', 'SPGI', 'TEAM', 'WMS', 'ZS']",8283.692237577441,-0.0089814407670884,-0.17163077624225587,0.11009831515656221
74,2022-11-30,2022-09-30,2022-11-16,2022-11-16 to 2023-02-15,"['AMZN', 'CNI', 'FISV', 'MCO', 'MSFT', 'RH', 'SPGI', 'TEAM', 'WMS', 'ZS']",8575.96583855674,0.035283010594412634,-0.14240341614432606,0.11009831515656221
75,2022-12-01,2022-09-30,2022-11-16,2022-11-16 to 2023-02-15,"['AMZN', 'CNI', 'FISV', 'MCO', 'MSFT', 'RH', 'SPGI', 'TEAM', 'WMS', 'ZS']",8710.859893052952,0.015729313413276547,-0.12891401069470487,0.11009831515656221
76,2022-12-02,2022-09-30,2022-11-16,2022-11-16 to 2023-02-15,"['AMZN', 'CNI', 'FISV', 'MCO', 'MSFT', 'RH', 'SPGI', 'TEAM', 'WMS', 'ZS']",8581.50303712467,-0.014850067331635741,-0.14184969628753297,0.11009831515656221
77,2022-12-05,2022-09-30,2022-11-16,2022-11-16 to 2023-02-15,"['AMZN', 'CNI', 'FISV', 'MCO', 'MSFT', 'RH', 'SPGI', 'TEAM', 'WMS', 'ZS']",8243.31973451114,-0.03940839980484845,-0.17566802654888602,0.11009831515656221
78,2022-12-06,2022-09-30,2022-11-16,2022-11-16 to 2023-02-15,"['AMZN', 'CNI', 'FISV', 'MCO', 'MSFT', 'RH', 'SPGI', 'TEAM', 'WMS', 'ZS']",8097.22248658307,-0.017723108241989638,-0.190277751341693,0.11009831515656221
79,2022-12-07,2022-09-30,2022-11-16,2022-11-16 to 2023-02-15,"['AMZN', 'CNI', 'FISV', 'MCO', 'MSFT', 'RH', 'SPGI', 'TEAM', 'WMS', 'ZS']",8079.982491620825,-0.002129124522737391,-0.19200175083791748,0.11009831515656221
80,2022-12-08,2022-09-30,2022-11-16,2022-11-16 to 2023-02-15,"['AMZN', 'CNI', 'FISV', 'MCO', 'MSFT', 'RH', 'SPGI', 'TEAM', 'WMS', 'ZS']",8231.423409465902,0.018742728465330982,-0.17685765905340978,0.11009831515656221
81,2022-12-09,2022-09-30,2022-11-16,2022-11-16 to 2023-02-15,"['AMZN', 'CNI', 'FISV', 'MCO', 'MSFT', 'RH', 'SPGI', 'TEAM', 'WMS', 'ZS']",8186.395535705778,-0.005470241478326088,-0.18136044642942228,0.11009831515656221
82,2022-12-12,2022-09-30,2022-11-16,2022-11-16 to 2023-02-15,"['AMZN', 'CNI', 'FISV', 'MCO', 'MSFT', 'RH', 'SPGI', 'TEAM', 'WMS', 'ZS']",8273.922115582165,0.010691711571305218,-0.17260778844178348,0.11009831515656221
83,2022-12-13,2022-09-30,2022-11-16,2022-11-16 to 2023-02-15,"['AMZN', 'CNI', 'FISV', 'MCO', 'MSFT', 'RH', 'SPGI', 'TEAM', 'WMS', 'ZS']",8413.945760079116,0.016923490763013804,-0.15860542399208843,0.11009831515656221
84,2022-12-14,2022-09-30,2022-11-16,2022-11-16 to 2023-02-15,"['AMZN', 'CNI', 'FISV', 'MCO', 'MSFT', 'RH', 'SPGI', 'TEAM', 'WMS', 'ZS']",8400.659521121948,-0.0015790735210352569,-0.1599340478878052,0.11009831515656221
85,2022-12-15,2022-09-30,2022-11-16,2022-11-16 to 2023-02-15,"['AMZN', 'CNI', 'FISV', 'MCO', 'MSFT', 'RH', 'SPGI', 'TEAM', 'WMS', 'ZS']",8173.647903138918,-0.02702307091630729,-0.18263520968610825,0.11009831515656221
86,2022-12-16,2022-09-30,2022-11-16,2022-11-16 to 2023-02-15,"['AMZN', 'CNI', 'FISV', 'MCO', 'MSFT', 'RH', 'SPGI', 'TEAM', 'WMS', 'ZS']",8069.080616662167,-0.012793221302889068,-0.19309193833378335,0.11009831515656221
87,2022-12-19,2022-09-30,2022-11-16,2022-11-16 to 2023-02-15,"['AMZN', 'CNI', 'FISV', 'MCO', 'MSFT', 'RH', 'SPGI', 'TEAM', 'WMS', 'ZS']",7905.858882877816,-0.020228045986714793,-0.20941411171221846,0.11009831515656221
88,2022-12-20,2022-09-30,2022-11-16,2022-11-16 to 2023-02-15,"['AMZN', 'CNI', 'FISV', 'MCO', 'MSFT', 'RH', 'SPGI', 'TEAM', 'WMS', 'ZS']",7908.744308679097,0.00036497309704452974,-0.20912556913209024,0.11009831515656221
89,2022-12-21,2022-09-30,2022-11-16,2022-11-16 to 2023-02-15,"['AMZN', 'CNI', 'FISV', 'MCO', 'MSFT', 'RH', 'SPGI', 'TEAM', 'WMS', 'ZS']",8035.294884593729,0.016001348757191947,-0.1964705115406271,0.11009831515656221
90,2022-12-22,2022-09-30,2022-11-16,2022-11-16 to 2023-02-15,"['AMZN', 'CNI', 'FISV', 'MCO', 'MSFT', 'RH', 'SPGI', 'TEAM', 'WMS', 'ZS']",7815.1454159230425,-0.027397808273693203,-0.21848545840769573,0.11009831515656221
91,2022-12-23,2022-09-30,2022-11-16,2022-11-16 to 2023-02-15,"['AMZN', 'CNI', 'FISV', 'MCO', 'MSFT', 'RH', 'SPGI', 'TEAM', 'WMS', 'ZS']",7853.129446407578,0.004860310136666879,-0.21468705535924215,0.11009831515656221
92,2022-12-27,2022-09-30,2022-11-16,2022-11-16 to 2023-02-15,"['AMZN', 'CNI', 'FISV', 'MCO', 'MSFT', 'RH', 'SPGI', 'TEAM', 'WMS', 'ZS']",7788.740191339382,-0.008199184224277678,-0.22112598086606172,0.11009831515656221
93,2022-12-28,2022-09-30,2022-11-16,2022-11-16 to 2023-02-15,"['AMZN', 'CNI', 'FISV', 'MCO', 'MSFT', 'RH', 'SPGI', 'TEAM', 'WMS', 'ZS']",7707.971325865902,-0.010369952455634657,-0.22920286741340978,0.11009831515656221
94,2022-12-29,2022-09-30,2022-11-16,2022-11-16 to 2023-02-15,"['AMZN', 'CNI', 'FISV', 'MCO', 'MSFT', 'RH', 'SPGI', 'TEAM', 'WMS', 'ZS']",7934.559222262145,0.029396567114342353,-0.20654407777378547,0.11009831515656221
95,2022-12-30,2022-09-30,2022-11-16,2022-11-16 to 2023-02-15,"['AMZN', 'CNI', 'FISV', 'MCO', 'MSFT', 'RH', 'SPGI', 'TEAM', 'WMS', 'ZS']",7872.955324321272,-0.007763997496928354,-0.21270446756787276,0.11009831515656221
96,2023-01-03,2022-09-30,2022-11-16,2022-11-16 to 2023-02-15,"['AMZN', 'CNI', 'FISV', 'MCO', 'MSFT', 'RH', 'SPGI', 'TEAM', 'WMS', 'ZS']",7813.69777896282,-0.00752672191284931,-0.21863022210371796,0.11009831515656221
97,2023-01-04,2022-09-30,2022-11-16,2022-11-16 to 2023-02-15,"['AMZN', 'CNI', 'FISV', 'MCO', 'MSFT', 'RH', 'SPGI', 'TEAM', 'WMS', 'ZS']",7924.684111261527,0.014204072826763392,-0.20753158887384737,0.11009831515656221
98,2023-01-05,2022-09-30,2022-11-16,2022-11-16 to 2023-02-15,"['AMZN', 'CNI', 'FISV', 'MCO', 'MSFT', 'RH', 'SPGI', 'TEAM', 'WMS', 'ZS']",7721.163695087839,-0.025681833283987987,-0.22788363049121607,0.11009831515656221
99,2023-01-06,2022-09-30,2022-11-16,2022-11-16 to 2023-02-15,"['AMZN', 'CNI', 'FISV', 'MCO', 'MSFT', 'RH', 'SPGI', 'TEAM', 'WMS', 'ZS']",7924.608887572459,0.02634903241515918,-0.20753911124275415,0.11009831515656221
100,2023-01-09,2022-09-30,2022-11-16,2022-11-16 to 2023-02-15,"['AMZN', 'CNI', 'FISV', 'MCO', 'MSFT', 'RH', 'SPGI', 'TEAM', 'WMS', 'ZS']",8009.463843793945,0.010707778443748373,-0.19905361562060553,0.11009831515656221
101,2023-01-10,2022-09-30,2022-11-16,2022-11-16 to 2023-02-15,"['AMZN', 'CNI', 'FISV', 'MCO', 'MSFT', 'RH', 'SPGI', 'TEAM', 'WMS', 'ZS']",8137.533770623402,0.015989825202680885,-0.1862466229376598,0.11009831515656221
102,2023-01-11,2022-09-30,2022-11-16,2022-11-16 to 2023-02-15,"['AMZN', 'CNI', 'FISV', 'MCO', 'MSFT', 'RH', 'SPGI', 'TEAM', 'WMS', 'ZS']",8399.118610899981,0.032145469088055156,-0.16008813891000195,0.11009831515656221
103,2023-01-12,2022-09-30,2022-11-16,2022-11-16 to 2023-02-15,"['AMZN', 'CNI', 'FISV', 'MCO', 'MSFT', 'RH', 'SPGI', 'TEAM', 'WMS', 'ZS']",8455.53977426708,0.006717510012762329,-0.1544460225732921,0.11009831515656221
104,2023-01-13,2022-09-30,2022-11-16,2022-11-16 to 2023-02-15,"['AMZN', 'CNI', 'FISV', 'MCO', 'MSFT', 'RH', 'SPGI', 'TEAM', 'WMS', 'ZS']",8504.776635477436,0.005823029933606394,-0.14952233645225643,0.11009831515656221
105,2023-01-17,2022-09-30,2022-11-16,2022-11-16 to 2023-02-15,"['AMZN', 'CNI', 'FISV', 'MCO', 'MSFT', 'RH', 'SPGI', 'TEAM', 'WMS', 'ZS']",8587.296574756141,0.009702775606648562,-0.14127034252438586,0.11009831515656221
106,2023-01-18,2022-09-30,2022-11-16,2022-11-16 to 2023-02-15,"['AMZN', 'CNI', 'FISV', 'MCO', 'MSFT', 'RH', 'SPGI', 'TEAM', 'WMS', 'ZS']",8486.951500245674,-0.011685292762037558,-0.1513048499754326,0.11009831515656221
107,2023-01-19,2022-09-30,2022-11-16,2022-11-16 to 2023-02-15,"['AMZN', 'CNI', 'FISV', 'MCO', 'MSFT', 'RH', 'SPGI', 'TEAM', 'WMS', 'ZS']",8344.869437865733,-0.016741236517709313,-0.1655130562134267,0.11009831515656221
108,2023-01-20,2022-09-30,2022-11-16,2022-11-16 to 2023-02-15,"['AMZN', 'CNI', 'FISV', 'MCO', 'MSFT', 'RH', 'SPGI', 'TEAM', 'WMS', 'ZS']",8620.674004918646,0.03305079475556805,-0.1379325995081353,0.11009831515656221
109,2023-01-23,2022-09-30,2022-11-16,2022-11-16 to 2023-02-15,"['AMZN', 'CNI', 'FISV', 'MCO', 'MSFT', 'RH', 'SPGI', 'TEAM', 'WMS', 'ZS']",8719.313048803113,0.011442149863013729,-0.12806869511968866,0.11009831515656221
110,2023-01-24,2022-09-30,2022-11-16,2022-11-16 to 2023-02-15,"['AMZN', 'CNI', 'FISV', 'MCO', 'MSFT', 'RH', 'SPGI', 'TEAM', 'WMS', 'ZS']",8619.20036885171,-0.011481716436955391,-0.13807996311482895,0.11009831515656221
111,2023-01-25,2022-09-30,2022-11-16,2022-11-16 to 2023-02-15,"['AMZN', 'CNI', 'FISV', 'MCO', 'MSFT', 'RH', 'SPGI', 'TEAM', 'WMS', 'ZS']",8585.541351250216,-0.003905120679539187,-0.14144586487497834,0.11009831515656221
112,2023-01-26,2022-09-30,2022-11-16,2022-11-16 to 2023-02-15,"['AMZN', 'CNI', 'FISV', 'MCO', 'MSFT', 'RH', 'SPGI', 'TEAM', 'WMS', 'ZS']",8762.299597399408,0.02058789759639934,-0.12377004026005922,0.11009831515656221
113,2023-01-27,2022-09-30,2022-11-16,2022-11-16 to 2023-02-15,"['AMZN', 'CNI', 'FISV', 'MCO', 'MSFT', 'RH', 'SPGI', 'TEAM', 'WMS', 'ZS']",8889.72239462767,0.014542163939028185,-0.11102776053723296,0.11009831515656221
114,2023-01-30,2022-09-30,2022-11-16,2022-11-16 to 2023-02-15,"['AMZN', 'CNI', 'FISV', 'MCO', 'MSFT', 'RH', 'SPGI', 'TEAM', 'WMS', 'ZS']",8711.752872079958,-0.020019694052005987,-0.12882471279200414,0.11009831515656221
115,2023-01-31,2022-09-30,2022-11-16,2022-11-16 to 2023-02-15,"['AMZN', 'CNI', 'FISV', 'MCO', 'MSFT', 'RH', 'SPGI', 'TEAM', 'WMS', 'ZS']",8933.459520616585,0.025449143449324474,-0.10665404793834155,0.11009831515656221
116,2023-02-01,2022-09-30,2022-11-16,2022-11-16 to 2023-02-15,"['AMZN', 'CNI', 'FISV', 'MCO', 'MSFT', 'RH', 'SPGI', 'TEAM', 'WMS', 'ZS']",9155.59002171977,0.02486500337193598,-0.08444099782802295,0.11009831515656221
117,2023-02-02,2022-09-30,2022-11-16,2022-11-16 to 2023-02-15,"['AMZN', 'CNI', 'FISV', 'MCO', 'MSFT', 'RH', 'SPGI', 'TEAM', 'WMS', 'ZS']",9327.76271714305,0.018805199338855827,-0.067223728285695,0.11009831515656221
118,2023-02-03,2022-09-30,2022-11-16,2022-11-16 to 2023-02-15,"['AMZN', 'CNI', 'FISV', 'MCO', 'MSFT', 'RH', 'SPGI', 'TEAM', 'WMS', 'ZS']",9106.554112791899,-0.023715076279181346,-0.08934458872081008,0.11009831515656221
119,2023-02-06,2022-09-30,2022-11-16,2022-11-16 to 2023-02-15,"['AMZN', 'CNI', 'FISV', 'MCO', 'MSFT', 'RH', 'SPGI', 'TEAM', 'WMS', 'ZS']",8957.006942084146,-0.016421927422325955,-0.1042993057915853,0.11009831515656221
120,2023-02-07,2022-09-30,2022-11-16,2022-11-16 to 2023-02-15,"['AMZN', 'CNI', 'FISV', 'MCO', 'MSFT', 'RH', 'SPGI', 'TEAM', 'WMS', 'ZS']",9210.112222961085,0.02825779666282635,-0.07898877770389157,0.11009831515656221
121,2023-02-08,2022-09-30,2022-11-16,2022-11-16 to 2023-02-15,"['AMZN', 'CNI', 'FISV', 'MCO', 'MSFT', 'RH', 'SPGI', 'TEAM', 'WMS', 'ZS']",9132.005348797333,-0.008480556183564136,-0.0867994651202667,0.11009831515656221
122,2023-02-09,2022-09-30,2022-11-16,2022-11-16 to 2023-02-15,"['AMZN', 'CNI', 'FISV', 'MCO', 'MSFT', 'RH', 'SPGI', 'TEAM', 'WMS', 'ZS']",9026.949058595346,-0.011504186231759306,-0.0973050941404654,0.11009831515656221
123,2023-02-10,2022-09-30,2022-11-16,2022-11-16 to 2023-02-15,"['AMZN', 'CNI', 'FISV', 'MCO', 'MSFT', 'RH', 'SPGI', 'TEAM', 'WMS', 'ZS']",8976.461158377218,-0.005593019290394019,-0.1023538841622782,0.11009831515656221
124,2023-02-13,2022-09-30,2022-11-16,2022-11-16 to 2023-02-15,"['AMZN', 'CNI', 'FISV', 'MCO', 'MSFT', 'RH', 'SPGI', 'TEAM', 'WMS', 'ZS']",9132.945567904764,0.01743275069836492,-0.08670544320952356,0.11009831515656221
125,2023-02-14,2022-09-30,2022-11-16,2022-11-16 to 2023-02-15,"['AMZN', 'CNI', 'FISV', 'MCO', 'MSFT', 'RH', 'SPGI', 'TEAM', 'WMS', 'ZS']",9175.854091318122,0.0046982129800650085,-0.08241459086818781,0.11009831515656221
126,2023-02-15,2022-09-30,2022-11-16,2022-11-16 to 2023-02-15,"['AMZN', 'CNI', 'FISV', 'MCO', 'MSFT', 'RH', 'SPGI', 'TEAM', 'WMS', 'ZS']",9314.938978593023,0.015157704764126256,-0.06850610214069763,0.11009831515656221
127,2023-02-16,2022-12-31,2023-02-16,2023-02-16 to 2023-05-16,"['CNI', 'FISV', 'MCO', 'MRNA', 'MSFT', 'NFLX', 'RH', 'SHC', 'SPGI', 'WMS']",9042.223382030536,-0.02927722845949121,-0.09577766179694647,-0.051362976101868574
128,2023-02-17,2022-12-31,2023-02-16,2023-02-16 to 2023-05-16,"['CNI', 'FISV', 'MCO', 'MRNA', 'MSFT', 'NFLX', 'RH', 'SHC', 'SPGI', 'WMS']",9022.941293866708,-0.0021324498797659075,-0.09770587061332914,-0.051362976101868574
129,2023-02-21,2022-12-31,2023-02-16,2023-02-16 to 2023-05-16,"['CNI', 'FISV', 'MCO', 'MRNA', 'MSFT', 'NFLX', 'RH', 'SHC', 'SPGI', 'WMS']",8792.253442398203,-0.025566812855727372,-0.12077465576017965,-0.051362976101868574
130,2023-02-22,2022-12-31,2023-02-16,2023-02-16 to 2023-05-16,"['CNI', 'FISV', 'MCO', 'MRNA', 'MSFT', 'NFLX', 'RH', 'SHC', 'SPGI', 'WMS']",8744.883556875415,-0.005387684264691495,-0.12551164431245854,-0.051362976101868574
131,2023-02-23,2022-12-31,2023-02-16,2023-02-16 to 2023-05-16,"['CNI', 'FISV', 'MCO', 'MRNA', 'MSFT', 'NFLX', 'RH', 'SHC', 'SPGI', 'WMS']",8735.098830851695,-0.0011189086692899863,-0.12649011691483047,-0.051362976101868574
132,2023-02-24,2022-12-31,2023-02-16,2023-02-16 to 2023-05-16,"['CNI', 'FISV', 'MCO', 'MRNA', 'MSFT', 'NFLX', 'RH', 'SHC', 'SPGI', 'WMS']",8541.953635997943,-0.02211139205106394,-0.1458046364002057,-0.051362976101868574
133,2023-02-27,2022-12-31,2023-02-16,2023-02-16 to 2023-05-16,"['CNI', 'FISV', 'MCO', 'MRNA', 'MSFT', 'NFLX', 'RH', 'SHC', 'SPGI', 'WMS']",8560.128434347504,0.0021277097867831163,-0.14398715656524963,-0.051362976101868574
134,2023-02-28,2022-12-31,2023-02-16,2023-02-16 to 2023-05-16,"['CNI', 'FISV', 'MCO', 'MRNA', 'MSFT', 'NFLX', 'RH', 'SHC', 'SPGI', 'WMS']",8516.327874607581,-0.005116811047387149,-0.1483672125392419,-0.051362976101868574
135,2023-03-01,2022-12-31,2023-02-16,2023-02-16 to 2023-05-16,"['CNI', 'FISV', 'MCO', 'MRNA', 'MSFT', 'NFLX', 'RH', 'SHC', 'SPGI', 'WMS']",8470.153977848193,-0.005421808253421201,-0.15298460221518073,-0.051362976101868574
136,2023-03-02,2022-12-31,2023-02-16,2023-02-16 to 2023-05-16,"['CNI', 'FISV', 'MCO', 'MRNA', 'MSFT', 'NFLX', 'RH', 'SHC', 'SPGI', 'WMS']",8553.411449280262,0.009829510968727417,-0.14465885507197385,-0.051362976101868574
137,2023-03-03,2022-12-31,2023-02-16,2023-02-16 to 2023-05-16,"['CNI', 'FISV', 'MCO', 'MRNA', 'MSFT', 'NFLX', 'RH', 'SHC', 'SPGI', 'WMS']",8711.429997630546,0.01847433030520018,-0.12885700023694535,-0.051362976101868574
138,2023-03-06,2022-12-31,2023-02-16,2023-02-16 to 2023-05-16,"['CNI', 'FISV', 'MCO', 'MRNA', 'MSFT', 'NFLX', 'RH', 'SHC', 'SPGI', 'WMS']",8719.920218865209,0.0009746070664600204,-0.12800797811347908,-0.051362976101868574
139,2023-03-07,2022-12-31,2023-02-16,2023-02-16 to 2023-05-16,"['CNI', 'FISV', 'MCO', 'MRNA', 'MSFT', 'NFLX', 'RH', 'SHC', 'SPGI', 'WMS']",8546.922227281264,-0.01983940073323953,-0.1453077772718736,-0.051362976101868574
140,2023-03-08,2022-12-31,2023-02-16,2023-02-16 to 2023-05-16,"['CNI', 'FISV', 'MCO', 'MRNA', 'MSFT', 'NFLX', 'RH', 'SHC', 'SPGI', 'WMS']",8592.320259580752,0.005311623423292833,-0.14076797404192476,-0.051362976101868574
141,2023-03-09,2022-12-31,2023-02-16,2023-02-16 to 2023-05-16,"['CNI', 'FISV', 'MCO', 'MRNA', 'MSFT', 'NFLX', 'RH', 'SHC', 'SPGI', 'WMS']",8389.538261715867,-0.023600377050515098,-0.16104617382841335,-0.051362976101868574
142,2023-03-10,2022-12-31,2023-02-16,2023-02-16 to 2023-05-16,"['CNI', 'FISV', 'MCO', 'MRNA', 'MSFT', 'NFLX', 'RH', 'SHC', 'SPGI', 'WMS']",8200.146388022244,-0.022574767261969386,-0.17998536119777564,-0.051362976101868574
143,2023-03-13,2022-12-31,2023-02-16,2023-02-16 to 2023-05-16,"['CNI', 'FISV', 'MCO', 'MRNA', 'MSFT', 'NFLX', 'RH', 'SHC', 'SPGI', 'WMS']",8213.879827462963,0.0016747797893923444,-0.1786120172537038,-0.051362976101868574
144,2023-03-14,2022-12-31,2023-02-16,2023-02-16 to 2023-05-16,"['CNI', 'FISV', 'MCO', 'MRNA', 'MSFT', 'NFLX', 'RH', 'SHC', 'SPGI', 'WMS']",8385.33078966213,0.02087332244938911,-0.16146692103378701,-0.051362976101868574
145,2023-03-15,2022-12-31,2023-02-16,2023-02-16 to 2023-05-16,"['CNI', 'FISV', 'MCO', 'MRNA', 'MSFT', 'NFLX', 'RH', 'SHC', 'SPGI', 'WMS']",8351.700791880556,-0.004010574970165215,-0.16482992081194447,-0.051362976101868574
146,2023-03-16,2022-12-31,2023-02-16,2023-02-16 to 2023-05-16,"['CNI', 'FISV', 'MCO', 'MRNA', 'MSFT', 'NFLX', 'RH', 'SHC', 'SPGI', 'WMS']",8524.774686243043,0.02072319144032897,-0.1475225313756957,-0.051362976101868574
147,2023-03-17,2022-12-31,2023-02-16,2023-02-16 to 2023-05-16,"['CNI', 'FISV', 'MCO', 'MRNA', 'MSFT', 'NFLX', 'RH', 'SHC', 'SPGI', 'WMS']",8422.000389456074,-0.0120559546228034,-0.15779996105439253,-0.051362976101868574
148,2023-03-20,2022-12-31,2023-02-16,2023-02-16 to 2023-05-16,"['CNI', 'FISV', 'MCO', 'MRNA', 'MSFT', 'NFLX', 'RH', 'SHC', 'SPGI', 'WMS']",8414.333315905007,-0.0009103625263026105,-0.1585666684094993,-0.051362976101868574
149,2023-03-21,2022-12-31,2023-02-16,2023-02-16 to 2023-05-16,"['CNI', 'FISV', 'MCO', 'MRNA', 'MSFT', 'NFLX', 'RH', 'SHC', 'SPGI', 'WMS']",8507.47824761483,0.011069793436131015,-0.14925217523851697,-0.051362976101868574
150,2023-03-22,2022-12-31,2023-02-16,2023-02-16 to 2023-05-16,"['CNI', 'FISV', 'MCO', 'MRNA', 'MSFT', 'NFLX', 'RH', 'SHC', 'SPGI', 'WMS']",8354.738358629285,-0.017953603234703186,-0.16452616413707144,-0.051362976101868574
151,2023-03-23,2022-12-31,2023-02-16,2023-02-16 to 2023-05-16,"['CNI', 'FISV', 'MCO', 'MRNA', 'MSFT', 'NFLX', 'RH', 'SHC', 'SPGI', 'WMS']",8411.817353907029,0.006831930914842799,-0.15881826460929716,-0.051362976101868574
152,2023-03-24,2022-12-31,2023-02-16,2023-02-16 to 2023-05-16,"['CNI', 'FISV', 'MCO', 'MRNA', 'MSFT', 'NFLX', 'RH', 'SHC', 'SPGI', 'WMS']",8461.27636298872,0.005879705538152091,-0.153872363701128,-0.051362976101868574
153,2023-03-27,2022-12-31,2023-02-16,2023-02-16 to 2023-05-16,"['CNI', 'FISV', 'MCO', 'MRNA', 'MSFT', 'NFLX', 'RH', 'SHC', 'SPGI', 'WMS']",8462.31497479634,0.00012274883398966097,-0.153768502520366,-0.051362976101868574
154,2023-03-28,2022-12-31,2023-02-16,2023-02-16 to 2023-05-16,"['CNI', 'FISV', 'MCO', 'MRNA', 'MSFT', 'NFLX', 'RH', 'SHC', 'SPGI', 'WMS']",8438.449091810653,-0.0028202546297044773,-0.15615509081893475,-0.051362976101868574
155,2023-03-29,2022-12-31,2023-02-16,2023-02-16 to 2023-05-16,"['CNI', 'FISV', 'MCO', 'MRNA', 'MSFT', 'NFLX', 'RH', 'SHC', 'SPGI', 'WMS']",8542.12703031875,0.012286373642843351,-0.14578729696812498,-0.051362976101868574
156,2023-03-30,2022-12-31,2023-02-16,2023-02-16 to 2023-05-16,"['CNI', 'FISV', 'MCO', 'MRNA', 'MSFT', 'NFLX', 'RH', 'SHC', 'SPGI', 'WMS']",8582.51172241753,0.004727709147316794,-0.14174882775824704,-0.051362976101868574
157,2023-03-31,2022-12-31,2023-02-16,2023-02-16 to 2023-05-16,"['CNI', 'FISV', 'MCO', 'MRNA', 'MSFT', 'NFLX', 'RH', 'SHC', 'SPGI', 'WMS']",8727.676862250917,0.016914062517877637,-0.1272323137749083,-0.051362976101868574
158,2023-04-03,2022-12-31,2023-02-16,2023-02-16 to 2023-05-16,"['CNI', 'FISV', 'MCO', 'MRNA', 'MSFT', 'NFLX', 'RH', 'SHC', 'SPGI', 'WMS']",8727.197671564838,-5.490472363289811e-05,-0.1272802328435162,-0.051362976101868574
159,2023-04-04,2022-12-31,2023-02-16,2023-02-16 to 2023-05-16,"['CNI', 'FISV', 'MCO', 'MRNA', 'MSFT', 'NFLX', 'RH', 'SHC', 'SPGI', 'WMS']",8648.847284845018,-0.008977725687949412,-0.13511527151549818,-0.051362976101868574
160,2023-04-05,2022-12-31,2023-02-16,2023-02-16 to 2023-05-16,"['CNI', 'FISV', 'MCO', 'MRNA', 'MSFT', 'NFLX', 'RH', 'SHC', 'SPGI', 'WMS']",8545.972284066598,-0.011894648776916594,-0.14540277159334014,-0.051362976101868574
161,2023-04-06,2022-12-31,2023-02-16,2023-02-16 to 2023-05-16,"['CNI', 'FISV', 'MCO', 'MRNA', 'MSFT', 'NFLX', 'RH', 'SHC', 'SPGI', 'WMS']",8590.881840826687,0.005255055278358345,-0.14091181591733126,-0.051362976101868574
162,2023-04-10,2022-12-31,2023-02-16,2023-02-16 to 2023-05-16,"['CNI', 'FISV', 'MCO', 'MRNA', 'MSFT', 'NFLX', 'RH', 'SHC', 'SPGI', 'WMS']",8629.8252884229,0.004533114099083635,-0.1370174711577099,-0.051362976101868574
163,2023-04-11,2022-12-31,2023-02-16,2023-02-16 to 2023-05-16,"['CNI', 'FISV', 'MCO', 'MRNA', 'MSFT', 'NFLX', 'RH', 'SHC', 'SPGI', 'WMS']",8617.781532878278,-0.0013955966826789679,-0.1382218467121722,-0.051362976101868574
164,2023-04-12,2022-12-31,2023-02-16,2023-02-16 to 2023-05-16,"['CNI', 'FISV', 'MCO', 'MRNA', 'MSFT', 'NFLX', 'RH', 'SHC', 'SPGI', 'WMS']",8575.105763114125,-0.004952059831331068,-0.14248942368858752,-0.051362976101868574
165,2023-04-13,2022-12-31,2023-02-16,2023-02-16 to 2023-05-16,"['CNI', 'FISV', 'MCO', 'MRNA', 'MSFT', 'NFLX', 'RH', 'SHC', 'SPGI', 'WMS']",8738.714902022724,0.01907954763804387,-0.1261285097977276,-0.051362976101868574
166,2023-04-14,2022-12-31,2023-02-16,2023-02-16 to 2023-05-16,"['CNI', 'FISV', 'MCO', 'MRNA', 'MSFT', 'NFLX', 'RH', 'SHC', 'SPGI', 'WMS']",8653.063295016218,-0.009801396196903123,-0.13469367049837822,-0.051362976101868574
167,2023-04-17,2022-12-31,2023-02-16,2023-02-16 to 2023-05-16,"['CNI', 'FISV', 'MCO', 'MRNA', 'MSFT', 'NFLX', 'RH', 'SHC', 'SPGI', 'WMS']",8619.319559217482,-0.0038996289115521554,-0.1380680440782518,-0.051362976101868574
168,2023-04-18,2022-12-31,2023-02-16,2023-02-16 to 2023-05-16,"['CNI', 'FISV', 'MCO', 'MRNA', 'MSFT', 'NFLX', 'RH', 'SHC', 'SPGI', 'WMS']",8631.434685402302,0.0014055780275445962,-0.13685653145976973,-0.051362976101868574
169,2023-04-19,2022-12-31,2023-02-16,2023-02-16 to 2023-05-16,"['CNI', 'FISV', 'MCO', 'MRNA', 'MSFT', 'NFLX', 'RH', 'SHC', 'SPGI', 'WMS']",8653.678752624319,0.002577099640183267,-0.13463212473756814,-0.051362976101868574
170,2023-04-20,2022-12-31,2023-02-16,2023-02-16 to 2023-05-16,"['CNI', 'FISV', 'MCO', 'MRNA', 'MSFT', 'NFLX', 'RH', 'SHC', 'SPGI', 'WMS']",8626.870351441066,-0.003097919618881506,-0.1373129648558934,-0.051362976101868574
171,2023-04-21,2022-12-31,2023-02-16,2023-02-16 to 2023-05-16,"['CNI', 'FISV', 'MCO', 'MRNA', 'MSFT', 'NFLX', 'RH', 'SHC', 'SPGI', 'WMS']",8629.353907222585,0.00028788606764029723,-0.13706460927774156,-0.051362976101868574
172,2023-04-24,2022-12-31,2023-02-16,2023-02-16 to 2023-05-16,"['CNI', 'FISV', 'MCO', 'MRNA', 'MSFT', 'NFLX', 'RH', 'SHC', 'SPGI', 'WMS']",8639.588163027554,0.0011859816986301563,-0.1360411836972446,-0.051362976101868574
173,2023-04-25,2022-12-31,2023-02-16,2023-02-16 to 2023-05-16,"['CNI', 'FISV', 'MCO', 'MRNA', 'MSFT', 'NFLX', 'RH', 'SHC', 'SPGI', 'WMS']",8489.740630428125,-0.017344291159697933,-0.15102593695718747,-0.051362976101868574
174,2023-04-26,2022-12-31,2023-02-16,2023-02-16 to 2023-05-16,"['CNI', 'FISV', 'MCO', 'MRNA', 'MSFT', 'NFLX', 'RH', 'SHC', 'SPGI', 'WMS']",8469.968797974394,-0.0023289088930310564,-0.15300312020256057,-0.051362976101868574
175,2023-04-27,2022-12-31,2023-02-16,2023-02-16 to 2023-05-16,"['CNI', 'FISV', 'MCO', 'MRNA', 'MSFT', 'NFLX', 'RH', 'SHC', 'SPGI', 'WMS']",8660.49120167311,0.02249387314676765,-0.13395087983268894,-0.051362976101868574
176,2023-04-28,2022-12-31,2023-02-16,2023-02-16 to 2023-05-16,"['CNI', 'FISV', 'MCO', 'MRNA', 'MSFT', 'NFLX', 'RH', 'SHC', 'SPGI', 'WMS']",8774.68050796809,0.013185084267843816,-0.12253194920319088,-0.051362976101868574
177,2023-05-01,2022-12-31,2023-02-16,2023-02-16 to 2023-05-16,"['CNI', 'FISV', 'MCO', 'MRNA', 'MSFT', 'NFLX', 'RH', 'SHC', 'SPGI', 'WMS']",8757.182948783062,-0.0019940964425018137,-0.12428170512169379,-0.051362976101868574
178,2023-05-02,2022-12-31,2023-02-16,2023-02-16 to 2023-05-16,"['CNI', 'FISV', 'MCO', 'MRNA', 'MSFT', 'NFLX', 'RH', 'SHC', 'SPGI', 'WMS']",8620.289819235357,-0.015632096571275622,-0.13797101807646428,-0.051362976101868574
179,2023-05-03,2022-12-31,2023-02-16,2023-02-16 to 2023-05-16,"['CNI', 'FISV', 'MCO', 'MRNA', 'MSFT', 'NFLX', 'RH', 'SHC', 'SPGI', 'WMS']",8553.49617718503,-0.007748421857149523,-0.14465038228149696,-0.051362976101868574
180,2023-05-04,2022-12-31,2023-02-16,2023-02-16 to 2023-05-16,"['CNI', 'FISV', 'MCO', 'MRNA', 'MSFT', 'NFLX', 'RH', 'SHC', 'SPGI', 'WMS']",8506.371872260952,-0.005509361780013933,-0.14936281277390484,-0.051362976101868574
181,2023-05-05,2022-12-31,2023-02-16,2023-02-16 to 2023-05-16,"['CNI', 'FISV', 'MCO', 'MRNA', 'MSFT', 'NFLX', 'RH', 'SHC', 'SPGI', 'WMS']",8685.48056343558,0.02105582660437122,-0.13145194365644197,-0.051362976101868574
182,2023-05-08,2022-12-31,2023-02-16,2023-02-16 to 2023-05-16,"['CNI', 'FISV', 'MCO', 'MRNA', 'MSFT', 'NFLX', 'RH', 'SHC', 'SPGI', 'WMS']",8650.58485166437,-0.004017706506432739,-0.1349415148335631,-0.051362976101868574
183,2023-05-09,2022-12-31,2023-02-16,2023-02-16 to 2023-05-16,"['CNI', 'FISV', 'MCO', 'MRNA', 'MSFT', 'NFLX', 'RH', 'SHC', 'SPGI', 'WMS']",8649.347847028845,-0.00014299664782624344,-0.13506521529711557,-0.051362976101868574
184,2023-05-10,2022-12-31,2023-02-16,2023-02-16 to 2023-05-16,"['CNI', 'FISV', 'MCO', 'MRNA', 'MSFT', 'NFLX', 'RH', 'SHC', 'SPGI', 'WMS']",8693.778333369302,0.005136859694655493,-0.1306221666630698,-0.051362976101868574
185,2023-05-11,2022-12-31,2023-02-16,2023-02-16 to 2023-05-16,"['CNI', 'FISV', 'MCO', 'MRNA', 'MSFT', 'NFLX', 'RH', 'SHC', 'SPGI', 'WMS']",8690.302144519856,-0.0003998478815711026,-0.13096978554801442,-0.051362976101868574
186,2023-05-12,2022-12-31,2023-02-16,2023-02-16 to 2023-05-16,"['CNI', 'FISV', 'MCO', 'MRNA', 'MSFT', 'NFLX', 'RH', 'SHC', 'SPGI', 'WMS']",8656.601114800149,-0.0038780043730652913,-0.13433988851998513,-0.051362976101868574
187,2023-05-15,2022-12-31,2023-02-16,2023-02-16 to 2023-05-16,"['CNI', 'FISV', 'MCO', 'MRNA', 'MSFT', 'NFLX', 'RH', 'SHC', 'SPGI', 'WMS']",8735.907272556111,0.009161350592944872,-0.12640927274438896,-0.051362976101868574
188,2023-05-16,2022-12-31,2023-02-16,2023-02-16 to 2023-05-16,"['CNI', 'FISV', 'MCO', 'MRNA', 'MSFT', 'NFLX', 'RH', 'SHC', 'SPGI', 'WMS']",8577.787878551544,-0.01809993960230094,-0.14222121214484562,-0.051362976101868574
189,2023-05-17,2023-03-31,2023-05-17,2023-05-17 to 2023-08-15,"['CNI', 'FISV', 'MASI', 'MCO', 'MSFT', 'PG', 'PM', 'SHC', 'SPGI', 'TEAM']",8478.952793635002,-0.011522211357508083,-0.15210472063649982,0.02953077717617747
190,2023-05-18,2023-03-31,2023-05-17,2023-05-17 to 2023-08-15,"['CNI', 'FISV', 'MASI', 'MCO', 'MSFT', 'PG', 'PM', 'SHC', 'SPGI', 'TEAM']",8482.023145881294,0.00036211455836809847,-0.15179768541187055,0.02953077717617747
191,2023-05-19,2023-03-31,2023-05-17,2023-05-17 to 2023-08-15,"['CNI', 'FISV', 'MASI', 'MCO', 'MSFT', 'PG', 'PM', 'SHC', 'SPGI', 'TEAM']",8463.277636056713,-0.002210028138591391,-0.1536722363943287,0.02953077717617747
192,2023-05-22,2023-03-31,2023-05-17,2023-05-17 to 2023-08-15,"['CNI', 'FISV', 'MASI', 'MCO', 'MSFT', 'PG', 'PM', 'SHC', 'SPGI', 'TEAM']",8536.935325188799,0.008703210777143422,-0.14630646748112008,0.02953077717617747
193,2023-05-23,2023-03-31,2023-05-17,2023-05-17 to 2023-08-15,"['CNI', 'FISV', 'MASI', 'MCO', 'MSFT', 'PG', 'PM', 'SHC', 'SPGI', 'TEAM']",8404.656432254204,-0.015494892241282088,-0.1595343567745796,0.02953077717617747
194,2023-05-24,2023-03-31,2023-05-17,2023-05-17 to 2023-08-15,"['CNI', 'FISV', 'MASI', 'MCO', 'MSFT', 'PG', 'PM', 'SHC', 'SPGI', 'TEAM']",8344.81551099079,-0.007119972332689906,-0.16551844890092104,0.02953077717617747
195,2023-05-25,2023-03-31,2023-05-17,2023-05-17 to 2023-08-15,"['CNI', 'FISV', 'MASI', 'MCO', 'MSFT', 'PG', 'PM', 'SHC', 'SPGI', 'TEAM']",8321.16444022449,-0.00283422332526706,-0.1678835559775511,0.02953077717617747
196,2023-05-26,2023-03-31,2023-05-17,2023-05-17 to 2023-08-15,"['CNI', 'FISV', 'MASI', 'MCO', 'MSFT', 'PG', 'PM', 'SHC', 'SPGI', 'TEAM']",8418.640115712815,0.011714186901190082,-0.15813598842871857,0.02953077717617747
197,2023-05-30,2023-03-31,2023-05-17,2023-05-17 to 2023-08-15,"['CNI', 'FISV', 'MASI', 'MCO', 'MSFT', 'PG', 'PM', 'SHC', 'SPGI', 'TEAM']",8398.076640998792,-0.0024426123971783564,-0.16019233590012083,0.02953077717617747
198,2023-05-31,2023-03-31,2023-05-17,2023-05-17 to 2023-08-15,"['CNI', 'FISV', 'MASI', 'MCO', 'MSFT', 'PG', 'PM', 'SHC', 'SPGI', 'TEAM']",8491.883669642655,0.011170061033487722,-0.15081163303573453,0.02953077717617747
199,2023-06-01,2023-03-31,2023-05-17,2023-05-17 to 2023-08-15,"['CNI', 'FISV', 'MASI', 'MCO', 'MSFT', 'PG', 'PM', 'SHC', 'SPGI', 'TEAM']",8556.206144561045,0.007574582674552355,-0.1443793855438955,0.02953077717617747
200,2023-06-02,2023-03-31,2023-05-17,2023-05-17 to 2023-08-15,"['CNI', 'FISV', 'MASI', 'MCO', 'MSFT', 'PG', 'PM', 'SHC', 'SPGI', 'TEAM']",8707.619553094859,0.017696325447939643,-0.12923804469051414,0.02953077717617747
201,2023-06-05,2023-03-31,2023-05-17,2023-05-17 to 2023-08-15,"['CNI', 'FISV', 'MASI', 'MCO', 'MSFT', 'PG', 'PM', 'SHC', 'SPGI', 'TEAM']",8681.279807907089,-0.0030249076716274415,-0.13187201920929115,0.02953077717617747
202,2023-06-06,2023-03-31,2023-05-17,2023-05-17 to 2023-08-15,"['CNI', 'FISV', 'MASI', 'MCO', 'MSFT', 'PG', 'PM', 'SHC', 'SPGI', 'TEAM']",8719.88319683586,0.004446739395913779,-0.12801168031641397,0.02953077717617747
203,2023-06-07,2023-03-31,2023-05-17,2023-05-17 to 2023-08-15,"['CNI', 'FISV', 'MASI', 'MCO', 'MSFT', 'PG', 'PM', 'SHC', 'SPGI', 'TEAM']",8627.70259736081,-0.010571311265786143,-0.137229740263919,0.02953077717617747
204,2023-06-08,2023-03-31,2023-05-17,2023-05-17 to 2023-08-15,"['CNI', 'FISV', 'MASI', 'MCO', 'MSFT', 'PG', 'PM', 'SHC', 'SPGI', 'TEAM']",8591.623379021175,-0.004181787437906315,-0.1408376620978825,0.02953077717617747
205,2023-06-09,2023-03-31,2023-05-17,2023-05-17 to 2023-08-15,"['CNI', 'FISV', 'MASI', 'MCO', 'MSFT', 'PG', 'PM', 'SHC', 'SPGI', 'TEAM']",8615.150620323904,0.0027383929980191457,-0.13848493796760963,0.02953077717617747
206,2023-06-12,2023-03-31,2023-05-17,2023-05-17 to 2023-08-15,"['CNI', 'FISV', 'MASI', 'MCO', 'MSFT', 'PG', 'PM', 'SHC', 'SPGI', 'TEAM']",8671.095811719764,0.006493814659941144,-0.13289041882802355,0.02953077717617747
207,2023-06-13,2023-03-31,2023-05-17,2023-05-17 to 2023-08-15,"['CNI', 'FISV', 'MASI', 'MCO', 'MSFT', 'PG', 'PM', 'SHC', 'SPGI', 'TEAM']",8789.011503651542,0.013598707071418081,-0.12109884963484585,0.02953077717617747
208,2023-06-14,2023-03-31,2023-05-17,2023-05-17 to 2023-08-15,"['CNI', 'FISV', 'MASI', 'MCO', 'MSFT', 'PG', 'PM', 'SHC', 'SPGI', 'TEAM']",8811.127396491911,0.0025163117412214664,-0.11888726035080888,0.02953077717617747
209,2023-06-15,2023-03-31,2023-05-17,2023-05-17 to 2023-08-15,"['CNI', 'FISV', 'MASI', 'MCO', 'MSFT', 'PG', 'PM', 'SHC', 'SPGI', 'TEAM']",8950.017881728003,0.01576307763878093,-0.1049982118271997,0.02953077717617747
210,2023-06-16,2023-03-31,2023-05-17,2023-05-17 to 2023-08-15,"['CNI', 'FISV', 'MASI', 'MCO', 'MSFT', 'PG', 'PM', 'SHC', 'SPGI', 'TEAM']",8878.320156495318,-0.008010903014960435,-0.11216798435046826,0.02953077717617747
211,2023-06-20,2023-03-31,2023-05-17,2023-05-17 to 2023-08-15,"['CNI', 'FISV', 'MASI', 'MCO', 'MSFT', 'PG', 'PM', 'SHC', 'SPGI', 'TEAM']",8832.789195003335,-0.005128330662718006,-0.11672108049966645,0.02953077717617747
212,2023-06-21,2023-03-31,2023-05-17,2023-05-17 to 2023-08-15,"['CNI', 'FISV', 'MASI', 'MCO', 'MSFT', 'PG', 'PM', 'SHC', 'SPGI', 'TEAM']",8789.648974563554,-0.004884099403638653,-0.12103510254364469,0.02953077717617747
213,2023-06-22,2023-03-31,2023-05-17,2023-05-17 to 2023-08-15,"['CNI', 'FISV', 'MASI', 'MCO', 'MSFT', 'PG', 'PM', 'SHC', 'SPGI', 'TEAM']",8972.000479222963,0.020746164629226627,-0.10279995207770376,0.02953077717617747
214,2023-06-23,2023-03-31,2023-05-17,2023-05-17 to 2023-08-15,"['CNI', 'FISV', 'MASI', 'MCO', 'MSFT', 'PG', 'PM', 'SHC', 'SPGI', 'TEAM']",8924.98411240844,-0.005240343769865152,-0.10750158875915605,0.02953077717617747
215,2023-06-26,2023-03-31,2023-05-17,2023-05-17 to 2023-08-15,"['CNI', 'FISV', 'MASI', 'MCO', 'MSFT', 'PG', 'PM', 'SHC', 'SPGI', 'TEAM']",8906.54658710657,-0.002065832842910731,-0.10934534128934303,0.02953077717617747
216,2023-06-27,2023-03-31,2023-05-17,2023-05-17 to 2023-08-15,"['CNI', 'FISV', 'MASI', 'MCO', 'MSFT', 'PG', 'PM', 'SHC', 'SPGI', 'TEAM']",9009.717955084368,0.011583767846356174,-0.09902820449156313,0.02953077717617747
217,2023-06-28,2023-03-31,2023-05-17,2023-05-17 to 2023-08-15,"['CNI', 'FISV', 'MASI', 'MCO', 'MSFT', 'PG', 'PM', 'SHC', 'SPGI', 'TEAM']",9041.283724095427,0.0035035246573111856,-0.09587162759045731,0.02953077717617747
218,2023-06-29,2023-03-31,2023-05-17,2023-05-17 to 2023-08-15,"['CNI', 'FISV', 'MASI', 'MCO', 'MSFT', 'PG', 'PM', 'SHC', 'SPGI', 'TEAM']",9085.374370395335,0.004876591382969808,-0.09146256296046651,0.02953077717617747
219,2023-06-30,2023-03-31,2023-05-17,2023-05-17 to 2023-08-15,"['CNI', 'FISV', 'MASI', 'MCO', 'MSFT', 'PG', 'PM', 'SHC', 'SPGI', 'TEAM']",9182.248585671548,0.010662655310262004,-0.08177514143284514,0.02953077717617747
220,2023-07-03,2023-03-31,2023-05-17,2023-05-17 to 2023-08-15,"['CNI', 'FISV', 'MASI', 'MCO', 'MSFT', 'PG', 'PM', 'SHC', 'SPGI', 'TEAM']",9121.852649374812,-0.0065774669170883815,-0.0878147350625188,0.02953077717617747
221,2023-07-05,2023-03-31,2023-05-17,2023-05-17 to 2023-08-15,"['CNI', 'FISV', 'MASI', 'MCO', 'MSFT', 'PG', 'PM', 'SHC', 'SPGI', 'TEAM']",9135.742985945071,0.0015227538860991263,-0.08642570140549288,0.02953077717617747
222,2023-07-06,2023-03-31,2023-05-17,2023-05-17 to 2023-08-15,"['CNI', 'FISV', 'MASI', 'MCO', 'MSFT', 'PG', 'PM', 'SHC', 'SPGI', 'TEAM']",9034.182078324295,-0.01111687443232845,-0.09658179216757057,0.02953077717617747
223,2023-07-07,2023-03-31,2023-05-17,2023-05-17 to 2023-08-15,"['CNI', 'FISV', 'MASI', 'MCO', 'MSFT', 'PG', 'PM', 'SHC', 'SPGI', 'TEAM']",9002.012471802882,-0.003560876484723252,-0.09979875281971184,0.02953077717617747
224,2023-07-10,2023-03-31,2023-05-17,2023-05-17 to 2023-08-15,"['CNI', 'FISV', 'MASI', 'MCO', 'MSFT', 'PG', 'PM', 'SHC', 'SPGI', 'TEAM']",9055.521251106664,0.005944090776522248,-0.0944478748893336,0.02953077717617747
225,2023-07-11,2023-03-31,2023-05-17,2023-05-17 to 2023-08-15,"['CNI', 'FISV', 'MASI', 'MCO', 'MSFT', 'PG', 'PM', 'SHC', 'SPGI', 'TEAM']",9048.506106950988,-0.0007746814303835059,-0.09514938930490113,0.02953077717617747
226,2023-07-12,2023-03-31,2023-05-17,2023-05-17 to 2023-08-15,"['CNI', 'FISV', 'MASI', 'MCO', 'MSFT', 'PG', 'PM', 'SHC', 'SPGI', 'TEAM']",9098.7486087872,0.005552574230746954,-0.09012513912127995,0.02953077717617747
227,2023-07-13,2023-03-31,2023-05-17,2023-05-17 to 2023-08-15,"['CNI', 'FISV', 'MASI', 'MCO', 'MSFT', 'PG', 'PM', 'SHC', 'SPGI', 'TEAM']",9202.34619107431,0.011385915441938899,-0.07976538089256902,0.02953077717617747
228,2023-07-14,2023-03-31,2023-05-17,2023-05-17 to 2023-08-15,"['CNI', 'FISV', 'MASI', 'MCO', 'MSFT', 'PG', 'PM', 'SHC', 'SPGI', 'TEAM']",9235.230170961375,0.0035734343399251856,-0.07647698290386251,0.02953077717617747
229,2023-07-17,2023-03-31,2023-05-17,2023-05-17 to 2023-08-15,"['CNI', 'FISV', 'MASI', 'MCO', 'MSFT', 'PG', 'PM', 'SHC', 'SPGI', 'TEAM']",9236.827370787667,0.00017294640163001418,-0.07631726292123331,0.02953077717617747
230,2023-07-18,2023-03-31,2023-05-17,2023-05-17 to 2023-08-15,"['CNI', 'FISV', 'MASI', 'MCO', 'MSFT', 'PG', 'PM', 'SHC', 'SPGI', 'TEAM']",9197.164773667246,-0.004293963233074849,-0.08028352263327543,0.02953077717617747
231,2023-07-19,2023-03-31,2023-05-17,2023-05-17 to 2023-08-15,"['CNI', 'FISV', 'MASI', 'MCO', 'MSFT', 'PG', 'PM', 'SHC', 'SPGI', 'TEAM']",9166.2911776964,-0.0033568601553428667,-0.08337088223036004,0.02953077717617747
232,2023-07-20,2023-03-31,2023-05-17,2023-05-17 to 2023-08-15,"['CNI', 'FISV', 'MASI', 'MCO', 'MSFT', 'PG', 'PM', 'SHC', 'SPGI', 'TEAM']",9071.180283941447,-0.010376158896891474,-0.09288197160585532,0.02953077717617747
233,2023-07-21,2023-03-31,2023-05-17,2023-05-17 to 2023-08-15,"['CNI', 'FISV', 'MASI', 'MCO', 'MSFT', 'PG', 'PM', 'SHC', 'SPGI', 'TEAM']",9078.662982283131,0.0008248869615050669,-0.0921337017716869,0.02953077717617747
234,2023-07-24,2023-03-31,2023-05-17,2023-05-17 to 2023-08-15,"['CNI', 'FISV', 'MASI', 'MCO', 'MSFT', 'PG', 'PM', 'SHC', 'SPGI', 'TEAM']",9082.052967353178,0.0003734013561977889,-0.0917947032646822,0.02953077717617747
235,2023-07-25,2023-03-31,2023-05-17,2023-05-17 to 2023-08-15,"['CNI', 'FISV', 'MASI', 'MCO', 'MSFT', 'PG', 'PM', 'SHC', 'SPGI', 'TEAM']",9139.624421510276,0.006339035278041916,-0.08603755784897238,0.02953077717617747
236,2023-07-26,2023-03-31,2023-05-17,2023-05-17 to 2023-08-15,"['CNI', 'FISV', 'MASI', 'MCO', 'MSFT', 'PG', 'PM', 'SHC', 'SPGI', 'TEAM']",9120.854021810315,-0.0020537386258219215,-0.08791459781896849,0.02953077717617747
237,2023-07-27,2023-03-31,2023-05-17,2023-05-17 to 2023-08-15,"['CNI', 'FISV', 'MASI', 'MCO', 'MSFT', 'PG', 'PM', 'SHC', 'SPGI', 'TEAM']",8902.336187729374,-0.0239580453275986,-0.10976638122706261,0.02953077717617747
238,2023-07-28,2023-03-31,2023-05-17,2023-05-17 to 2023-08-15,"['CNI', 'FISV', 'MASI', 'MCO', 'MSFT', 'PG', 'PM', 'SHC', 'SPGI', 'TEAM']",9029.795929764263,0.01431756107015758,-0.09702040702357373,0.02953077717617747
239,2023-07-31,2023-03-31,2023-05-17,2023-05-17 to 2023-08-15,"['CNI', 'FISV', 'MASI', 'MCO', 'MSFT', 'PG', 'PM', 'SHC', 'SPGI', 'TEAM']",9096.640244297801,0.007402638448694487,-0.09033597557021988,0.02953077717617747
240,2023-08-01,2023-03-31,2023-05-17,2023-05-17 to 2023-08-15,"['CNI', 'FISV', 'MASI', 'MCO', 'MSFT', 'PG', 'PM', 'SHC', 'SPGI', 'TEAM']",9072.45826933066,-0.0026583413565574032,-0.09275417306693401,0.02953077717617747
241,2023-08-02,2023-03-31,2023-05-17,2023-05-17 to 2023-08-15,"['CNI', 'FISV', 'MASI', 'MCO', 'MSFT', 'PG', 'PM', 'SHC', 'SPGI', 'TEAM']",8872.263334481795,-0.02206622823778881,-0.11277366655182053,0.02953077717617747
242,2023-08-03,2023-03-31,2023-05-17,2023-05-17 to 2023-08-15,"['CNI', 'FISV', 'MASI', 'MCO', 'MSFT', 'PG', 'PM', 'SHC', 'SPGI', 'TEAM']",8780.669634020156,-0.010323600304520064,-0.12193303659798438,0.02953077717617747
243,2023-08-04,2023-03-31,2023-05-17,2023-05-17 to 2023-08-15,"['CNI', 'FISV', 'MASI', 'MCO', 'MSFT', 'PG', 'PM', 'SHC', 'SPGI', 'TEAM']",8971.872649577728,0.02177544806113274,-0.10281273504222721,0.02953077717617747
244,2023-08-07,2023-03-31,2023-05-17,2023-05-17 to 2023-08-15,"['CNI', 'FISV', 'MASI', 'MCO', 'MSFT', 'PG', 'PM', 'SHC', 'SPGI', 'TEAM']",8956.838409359909,-0.0016757081609408697,-0.10431615906400915,0.02953077717617747
245,2023-08-08,2023-03-31,2023-05-17,2023-05-17 to 2023-08-15,"['CNI', 'FISV', 'MASI', 'MCO', 'MSFT', 'PG', 'PM', 'SHC', 'SPGI', 'TEAM']",8928.293777785739,-0.003186909294281892,-0.10717062222142615,0.02953077717617747
246,2023-08-09,2023-03-31,2023-05-17,2023-05-17 to 2023-08-15,"['CNI', 'FISV', 'MASI', 'MCO', 'MSFT', 'PG', 'PM', 'SHC', 'SPGI', 'TEAM']",8883.071243977362,-0.005065081294803986,-0.11169287560226382,0.02953077717617747
247,2023-08-10,2023-03-31,2023-05-17,2023-05-17 to 2023-08-15,"['CNI', 'FISV', 'MASI', 'MCO', 'MSFT', 'PG', 'PM', 'SHC', 'SPGI', 'TEAM']",8890.026723062245,0.0007830038613727552,-0.11099732769377546,0.02953077717617747
248,2023-08-11,2023-03-31,2023-05-17,2023-05-17 to 2023-08-15,"['CNI', 'FISV', 'MASI', 'MCO', 'MSFT', 'PG', 'PM', 'SHC', 'SPGI', 'TEAM']",8875.257436229416,-0.0016613321076430765,-0.11247425637705832,0.02953077717617747
249,2023-08-14,2023-03-31,2023-05-17,2023-05-17 to 2023-08-15,"['CNI', 'FISV', 'MASI', 'MCO', 'MSFT', 'PG', 'PM', 'SHC', 'SPGI', 'TEAM']",8869.052675379697,-0.0006991077041204052,-0.11309473246203028,0.02953077717617747
250,2023-08-15,2023-03-31,2023-05-17,2023-05-17 to 2023-08-15,"['CNI', 'FISV', 'MASI', 'MCO', 'MSFT', 'PG', 'PM', 'SHC', 'SPGI', 'TEAM']",8729.342859271164,-0.01575250719801946,-0.12706571407288358,0.02953077717617747
251,2023-08-16,2023-06-30,2023-08-16,2023-08-16 to 2023-11-15,"['CNI', 'CP', 'FISV', 'MCO', 'MSFT', 'NVDA', 'PG', 'PM', 'SHC', 'SPGI']",8621.72070300102,-0.01232878098674317,-0.1378279296998981,0.01698354295702309
252,2023-08-17,2023-06-30,2023-08-16,2023-08-16 to 2023-11-15,"['CNI', 'CP', 'FISV', 'MCO', 'MSFT', 'NVDA', 'PG', 'PM', 'SHC', 'SPGI']",8565.143554171802,-0.006562164419165684,-0.14348564458281976,0.01698354295702309
253,2023-08-18,2023-06-30,2023-08-16,2023-08-16 to 2023-11-15,"['CNI', 'CP', 'FISV', 'MCO', 'MSFT', 'NVDA', 'PG', 'PM', 'SHC', 'SPGI']",8575.435542151454,0.001201613016122538,-0.1424564457848546,0.01698354295702309
254,2023-08-21,2023-06-30,2023-08-16,2023-08-16 to 2023-11-15,"['CNI', 'CP', 'FISV', 'MCO', 'MSFT', 'NVDA', 'PG', 'PM', 'SHC', 'SPGI']",8638.109066130104,0.007308494556409029,-0.1361890933869896,0.01698354295702309
255,2023-08-22,2023-06-30,2023-08-16,2023-08-16 to 2023-11-15,"['CNI', 'CP', 'FISV', 'MCO', 'MSFT', 'NVDA', 'PG', 'PM', 'SHC', 'SPGI']",8623.509960454783,-0.0016900811929504433,-0.13764900395452173,0.01698354295702309
256,2023-08-23,2023-06-30,2023-08-16,2023-08-16 to 2023-11-15,"['CNI', 'CP', 'FISV', 'MCO', 'MSFT', 'NVDA', 'PG', 'PM', 'SHC', 'SPGI']",8750.5194361908,0.014728280748610434,-0.12494805638091999,0.01698354295702309
257,2023-08-24,2023-06-30,2023-08-16,2023-08-16 to 2023-11-15,"['CNI', 'CP', 'FISV', 'MCO', 'MSFT', 'NVDA', 'PG', 'PM', 'SHC', 'SPGI']",8668.122755945766,-0.009416204471731637,-0.13318772440542348,0.01698354295702309
258,2023-08-25,2023-06-30,2023-08-16,2023-08-16 to 2023-11-15,"['CNI', 'CP', 'FISV', 'MCO', 'MSFT', 'NVDA', 'PG', 'PM', 'SHC', 'SPGI']",8688.658842754303,0.002369150436229317,-0.13113411572456968,0.01698354295702309
259,2023-08-28,2023-06-30,2023-08-16,2023-08-16 to 2023-11-15,"['CNI', 'CP', 'FISV', 'MCO', 'MSFT', 'NVDA', 'PG', 'PM', 'SHC', 'SPGI']",8738.88953664494,0.005781179213006471,-0.12611104633550607,0.01698354295702309
260,2023-08-29,2023-06-30,2023-08-16,2023-08-16 to 2023-11-15,"['CNI', 'CP', 'FISV', 'MCO', 'MSFT', 'NVDA', 'PG', 'PM', 'SHC', 'SPGI']",8829.160930797092,0.010329847261899339,-0.1170839069202908,0.01698354295702309
261,2023-08-30,2023-06-30,2023-08-16,2023-08-16 to 2023-11-15,"['CNI', 'CP', 'FISV', 'MCO', 'MSFT', 'NVDA', 'PG', 'PM', 'SHC', 'SPGI']",8863.133230987954,0.0038477382456993947,-0.1136866769012046,0.01698354295702309
262,2023-08-31,2023-06-30,2023-08-16,2023-08-16 to 2023-11-15,"['CNI', 'CP', 'FISV', 'MCO', 'MSFT', 'NVDA', 'PG', 'PM', 'SHC', 'SPGI']",8806.676942779955,-0.006369788960253087,-0.11933230572200448,0.01698354295702309
263,2023-09-01,2023-06-30,2023-08-16,2023-08-16 to 2023-11-15,"['CNI', 'CP', 'FISV', 'MCO', 'MSFT', 'NVDA', 'PG', 'PM', 'SHC', 'SPGI']",8822.126325238258,0.0017542805939949613,-0.11778736747617424,0.01698354295702309
264,2023-09-05,2023-06-30,2023-08-16,2023-08-16 to 2023-11-15,"['CNI', 'CP', 'FISV', 'MCO', 'MSFT', 'NVDA', 'PG', 'PM', 'SHC', 'SPGI']",8740.314987775448,-0.009273426206646507,-0.1259685012224553,0.01698354295702309
265,2023-09-06,2023-06-30,2023-08-16,2023-08-16 to 2023-11-15,"['CNI', 'CP', 'FISV', 'MCO', 'MSFT', 'NVDA', 'PG', 'PM', 'SHC', 'SPGI']",8679.573481439047,-0.0069495786389113245,-0.13204265185609532,0.01698354295702309
266,2023-09-07,2023-06-30,2023-08-16,2023-08-16 to 2023-11-15,"['CNI', 'CP', 'FISV', 'MCO', 'MSFT', 'NVDA', 'PG', 'PM', 'SHC', 'SPGI']",8617.550058363633,-0.007145906790010925,-0.13824499416363667,0.01698354295702309
267,2023-09-08,2023-06-30,2023-08-16,2023-08-16 to 2023-11-15,"['CNI', 'CP', 'FISV', 'MCO', 'MSFT', 'NVDA', 'PG', 'PM', 'SHC', 'SPGI']",8570.513864674656,-0.005458186302419676,-0.1429486135325344,0.01698354295702309
268,2023-09-11,2023-06-30,2023-08-16,2023-08-16 to 2023-11-15,"['CNI', 'CP', 'FISV', 'MCO', 'MSFT', 'NVDA', 'PG', 'PM', 'SHC', 'SPGI']",8639.749603857435,0.008078364993743259,-0.1360250396142565,0.01698354295702309
269,2023-09-12,2023-06-30,2023-08-16,2023-08-16 to 2023-11-15,"['CNI', 'CP', 'FISV', 'MCO', 'MSFT', 'NVDA', 'PG', 'PM', 'SHC', 'SPGI']",8590.661409688131,-0.005681668615417634,-0.14093385903118683,0.01698354295702309
270,2023-09-13,2023-06-30,2023-08-16,2023-08-16 to 2023-11-15,"['CNI', 'CP', 'FISV', 'MCO', 'MSFT', 'NVDA', 'PG', 'PM', 'SHC', 'SPGI']",8664.408306484973,0.008584542362905179,-0.1335591693515027,0.01698354295702309
271,2023-09-14,2023-06-30,2023-08-16,2023-08-16 to 2023-11-15,"['CNI', 'CP', 'FISV', 'MCO', 'MSFT', 'NVDA', 'PG', 'PM', 'SHC', 'SPGI']",8799.606439698195,0.015603850653255869,-0.12003935603018057,0.01698354295702309
272,2023-09-15,2023-06-30,2023-08-16,2023-08-16 to 2023-11-15,"['CNI', 'CP', 'FISV', 'MCO', 'MSFT', 'NVDA', 'PG', 'PM', 'SHC', 'SPGI']",8706.625406585288,-0.010566499053120793,-0.12933745934147123,0.01698354295702309
273,2023-09-18,2023-06-30,2023-08-16,2023-08-16 to 2023-11-15,"['CNI', 'CP', 'FISV', 'MCO', 'MSFT', 'NVDA', 'PG', 'PM', 'SHC', 'SPGI']",8702.723281150958,-0.0004481788582955115,-0.1297276718849042,0.01698354295702309
274,2023-09-19,2023-06-30,2023-08-16,2023-08-16 to 2023-11-15,"['CNI', 'CP', 'FISV', 'MCO', 'MSFT', 'NVDA', 'PG', 'PM', 'SHC', 'SPGI']",8654.920940792055,-0.005492802518774487,-0.13450790592079442,0.01698354295702309
275,2023-09-20,2023-06-30,2023-08-16,2023-08-16 to 2023-11-15,"['CNI', 'CP', 'FISV', 'MCO', 'MSFT', 'NVDA', 'PG', 'PM', 'SHC', 'SPGI']",8582.350493208425,-0.008384877005819136,-0.1417649506791575,0.01698354295702309
276,2023-09-21,2023-06-30,2023-08-16,2023-08-16 to 2023-11-15,"['CNI', 'CP', 'FISV', 'MCO', 'MSFT', 'NVDA', 'PG', 'PM', 'SHC', 'SPGI']",8392.246972596953,-0.022150519343379083,-0.16077530274030472,0.01698354295702309
277,2023-09-22,2023-06-30,2023-08-16,2023-08-16 to 2023-11-15,"['CNI', 'CP', 'FISV', 'MCO', 'MSFT', 'NVDA', 'PG', 'PM', 'SHC', 'SPGI']",8393.849322284226,0.00019093214159515703,-0.1606150677715774,0.01698354295702309
278,2023-09-25,2023-06-30,2023-08-16,2023-08-16 to 2023-11-15,"['CNI', 'CP', 'FISV', 'MCO', 'MSFT', 'NVDA', 'PG', 'PM', 'SHC', 'SPGI']",8403.662639566897,0.001169108105933958,-0.15963373604331033,0.01698354295702309
279,2023-09-26,2023-06-30,2023-08-16,2023-08-16 to 2023-11-15,"['CNI', 'CP', 'FISV', 'MCO', 'MSFT', 'NVDA', 'PG', 'PM', 'SHC', 'SPGI']",8275.426653192795,-0.015259535261485824,-0.17245733468072044,0.01698354295702309
280,2023-09-27,2023-06-30,2023-08-16,2023-08-16 to 2023-11-15,"['CNI', 'CP', 'FISV', 'MCO', 'MSFT', 'NVDA', 'PG', 'PM', 'SHC', 'SPGI']",8224.513235239832,-0.0061523616952510185,-0.1775486764760168,0.01698354295702309
281,2023-09-28,2023-06-30,2023-08-16,2023-08-16 to 2023-11-15,"['CNI', 'CP', 'FISV', 'MCO', 'MSFT', 'NVDA', 'PG', 'PM', 'SHC', 'SPGI']",8310.781959213982,0.010489219423285956,-0.1689218040786018,0.01698354295702309
282,2023-09-29,2023-06-30,2023-08-16,2023-08-16 to 2023-11-15,"['CNI', 'CP', 'FISV', 'MCO', 'MSFT', 'NVDA', 'PG', 'PM', 'SHC', 'SPGI']",8273.487678115327,-0.004487457531876182,-0.17265123218846734,0.01698354295702309
283,2023-10-02,2023-06-30,2023-08-16,2023-08-16 to 2023-11-15,"['CNI', 'CP', 'FISV', 'MCO', 'MSFT', 'NVDA', 'PG', 'PM', 'SHC', 'SPGI']",8256.78443341783,-0.0020188879644650326,-0.17432155665821703,0.01698354295702309
284,2023-10-03,2023-06-30,2023-08-16,2023-08-16 to 2023-11-15,"['CNI', 'CP', 'FISV', 'MCO', 'MSFT', 'NVDA', 'PG', 'PM', 'SHC', 'SPGI']",8138.876692817346,-0.014280104022490137,-0.18611233071826538,0.01698354295702309
285,2023-10-04,2023-06-30,2023-08-16,2023-08-16 to 2023-11-15,"['CNI', 'CP', 'FISV', 'MCO', 'MSFT', 'NVDA', 'PG', 'PM', 'SHC', 'SPGI']",8220.139621894985,0.009984538670963605,-0.17798603781050149,0.01698354295702309
286,2023-10-05,2023-06-30,2023-08-16,2023-08-16 to 2023-11-15,"['CNI', 'CP', 'FISV', 'MCO', 'MSFT', 'NVDA', 'PG', 'PM', 'SHC', 'SPGI']",8211.34417759841,-0.001069987214468604,-0.17886558224015903,0.01698354295702309
287,2023-10-06,2023-06-30,2023-08-16,2023-08-16 to 2023-11-15,"['CNI', 'CP', 'FISV', 'MCO', 'MSFT', 'NVDA', 'PG', 'PM', 'SHC', 'SPGI']",8287.589076339353,0.00928531274440414,-0.17124109236606477,0.01698354295702309
288,2023-10-09,2023-06-30,2023-08-16,2023-08-16 to 2023-11-15,"['CNI', 'CP', 'FISV', 'MCO', 'MSFT', 'NVDA', 'PG', 'PM', 'SHC', 'SPGI']",8294.588352454371,0.0008445491264765792,-0.17054116475456282,0.01698354295702309
289,2023-10-10,2023-06-30,2023-08-16,2023-08-16 to 2023-11-15,"['CNI', 'CP', 'FISV', 'MCO', 'MSFT', 'NVDA', 'PG', 'PM', 'SHC', 'SPGI']",8348.506503218672,0.006500401041402704,-0.16514934967813277,0.01698354295702309
290,2023-10-11,2023-06-30,2023-08-16,2023-08-16 to 2023-11-15,"['CNI', 'CP', 'FISV', 'MCO', 'MSFT', 'NVDA', 'PG', 'PM', 'SHC', 'SPGI']",8333.16603742737,-0.0018375101924382742,-0.16668339625726292,0.01698354295702309
291,2023-10-12,2023-06-30,2023-08-16,2023-08-16 to 2023-11-15,"['CNI', 'CP', 'FISV', 'MCO', 'MSFT', 'NVDA', 'PG', 'PM', 'SHC', 'SPGI']",8249.97546126686,-0.009983069554461044,-0.17500245387331392,0.01698354295702309
292,2023-10-13,2023-06-30,2023-08-16,2023-08-16 to 2023-11-15,"['CNI', 'CP', 'FISV', 'MCO', 'MSFT', 'NVDA', 'PG', 'PM', 'SHC', 'SPGI']",8211.543851929968,-0.004658390745200025,-0.17884561480700323,0.01698354295702309
293,2023-10-16,2023-06-30,2023-08-16,2023-08-16 to 2023-11-15,"['CNI', 'CP', 'FISV', 'MCO', 'MSFT', 'NVDA', 'PG', 'PM', 'SHC', 'SPGI']",8314.289340992258,0.012512323007097148,-0.1685710659007742,0.01698354295702309
294,2023-10-17,2023-06-30,2023-08-16,2023-08-16 to 2023-11-15,"['CNI', 'CP', 'FISV', 'MCO', 'MSFT', 'NVDA', 'PG', 'PM', 'SHC', 'SPGI']",8308.698565289038,-0.0006724297740825502,-0.16913014347109623,0.01698354295702309
295,2023-10-18,2023-06-30,2023-08-16,2023-08-16 to 2023-11-15,"['CNI', 'CP', 'FISV', 'MCO', 'MSFT', 'NVDA', 'PG', 'PM', 'SHC', 'SPGI']",8174.439371751212,-0.016158871631077765,-0.1825560628248788,0.01698354295702309
296,2023-10-19,2023-06-30,2023-08-16,2023-08-16 to 2023-11-15,"['CNI', 'CP', 'FISV', 'MCO', 'MSFT', 'NVDA', 'PG', 'PM', 'SHC', 'SPGI']",8116.754340324162,-0.007056756898386807,-0.18832456596758385,0.01698354295702309
297,2023-10-20,2023-06-30,2023-08-16,2023-08-16 to 2023-11-15,"['CNI', 'CP', 'FISV', 'MCO', 'MSFT', 'NVDA', 'PG', 'PM', 'SHC', 'SPGI']",8058.454707336207,-0.007182628738475083,-0.19415452926637922,0.01698354295702309
298,2023-10-23,2023-06-30,2023-08-16,2023-08-16 to 2023-11-15,"['CNI', 'CP', 'FISV', 'MCO', 'MSFT', 'NVDA', 'PG', 'PM', 'SHC', 'SPGI']",8052.127434436086,-0.0007851719876715846,-0.1947872565563914,0.01698354295702309
299,2023-10-24,2023-06-30,2023-08-16,2023-08-16 to 2023-11-15,"['CNI', 'CP', 'FISV', 'MCO', 'MSFT', 'NVDA', 'PG', 'PM', 'SHC', 'SPGI']",8096.627657851448,0.005526517529398589,-0.19033723421485516,0.01698354295702309
300,2023-10-25,2023-06-30,2023-08-16,2023-08-16 to 2023-11-15,"['CNI', 'CP', 'FISV', 'MCO', 'MSFT', 'NVDA', 'PG', 'PM', 'SHC', 'SPGI']",8090.096262769393,-0.0008066809242143202,-0.1909903737230606,0.01698354295702309
301,2023-10-26,2023-06-30,2023-08-16,2023-08-16 to 2023-11-15,"['CNI', 'CP', 'FISV', 'MCO', 'MSFT', 'NVDA', 'PG', 'PM', 'SHC', 'SPGI']",7994.032590100676,-0.01187423110288588,-0.2005967409899324,0.01698354295702309
302,2023-10-27,2023-06-30,2023-08-16,2023-08-16 to 2023-11-15,"['CNI', 'CP', 'FISV', 'MCO', 'MSFT', 'NVDA', 'PG', 'PM', 'SHC', 'SPGI']",7908.923162792455,-0.010646620006730556,-0.2091076837207545,0.01698354295702309
303,2023-10-30,2023-06-30,2023-08-16,2023-08-16 to 2023-11-15,"['CNI', 'CP', 'FISV', 'MCO', 'MSFT', 'NVDA', 'PG', 'PM', 'SHC', 'SPGI']",8024.452081546354,0.014607414483099879,-0.19755479184536462,0.01698354295702309
304,2023-10-31,2023-06-30,2023-08-16,2023-08-16 to 2023-11-15,"['CNI', 'CP', 'FISV', 'MCO', 'MSFT', 'NVDA', 'PG', 'PM', 'SHC', 'SPGI']",8041.738317316778,0.002154195151863103,-0.19582616826832222,0.01698354295702309
305,2023-11-01,2023-06-30,2023-08-16,2023-08-16 to 2023-11-15,"['CNI', 'CP', 'FISV', 'MCO', 'MSFT', 'NVDA', 'PG', 'PM', 'SHC', 'SPGI']",8143.247646630432,0.012622809311646943,-0.18567523533695673,0.01698354295702309
306,2023-11-02,2023-06-30,2023-08-16,2023-08-16 to 2023-11-15,"['CNI', 'CP', 'FISV', 'MCO', 'MSFT', 'NVDA', 'PG', 'PM', 'SHC', 'SPGI']",8346.019707844134,0.024900637928849667,-0.16539802921558655,0.01698354295702309
307,2023-11-03,2023-06-30,2023-08-16,2023-08-16 to 2023-11-15,"['CNI', 'CP', 'FISV', 'MCO', 'MSFT', 'NVDA', 'PG', 'PM', 'SHC', 'SPGI']",8474.22237554823,0.015360935175315005,-0.15257776244517696,0.01698354295702309
308,2023-11-06,2023-06-30,2023-08-16,2023-08-16 to 2023-11-15,"['CNI', 'CP', 'FISV', 'MCO', 'MSFT', 'NVDA', 'PG', 'PM', 'SHC', 'SPGI']",8516.277485574627,0.004962710224332145,-0.1483722514425373,0.01698354295702309
309,2023-11-07,2023-06-30,2023-08-16,2023-08-16 to 2023-11-15,"['CNI', 'CP', 'FISV', 'MCO', 'MSFT', 'NVDA', 'PG', 'PM', 'SHC', 'SPGI']",8532.379703834935,0.001890757820841804,-0.14676202961650653,0.01698354295702309
310,2023-11-08,2023-06-30,2023-08-16,2023-08-16 to 2023-11-15,"['CNI', 'CP', 'FISV', 'MCO', 'MSFT', 'NVDA', 'PG', 'PM', 'SHC', 'SPGI']",8539.279703089087,0.000808684035832341,-0.14607202969109134,0.01698354295702309
311,2023-11-09,2023-06-30,2023-08-16,2023-08-16 to 2023-11-15,"['CNI', 'CP', 'FISV', 'MCO', 'MSFT', 'NVDA', 'PG', 'PM', 'SHC', 'SPGI']",8520.534077155156,-0.002195223319263029,-0.14794659228448437,0.01698354295702309
312,2023-11-10,2023-06-30,2023-08-16,2023-08-16 to 2023-11-15,"['CNI', 'CP', 'FISV', 'MCO', 'MSFT', 'NVDA', 'PG', 'PM', 'SHC', 'SPGI']",8603.701568346389,0.009760830769307782,-0.1396298431653611,0.01698354295702309
313,2023-11-13,2023-06-30,2023-08-16,2023-08-16 to 2023-11-15,"['CNI', 'CP', 'FISV', 'MCO', 'MSFT', 'NVDA', 'PG', 'PM', 'SHC', 'SPGI']",8608.341517557907,0.0005392968566679812,-0.1391658482442093,0.01698354295702309
314,2023-11-14,2023-06-30,2023-08-16,2023-08-16 to 2023-11-15,"['CNI', 'CP', 'FISV', 'MCO', 'MSFT', 'NVDA', 'PG', 'PM', 'SHC', 'SPGI']",8757.237616670473,0.017296723045765683,-0.12427623833295276,0.01698354295702309
315,2023-11-15,2023-06-30,2023-08-16,2023-08-16 to 2023-11-15,"['CNI', 'CP', 'FISV', 'MCO', 'MSFT', 'NVDA', 'PG', 'PM', 'SHC', 'SPGI']",8768.148066923892,0.0012458780646364964,-0.1231851933076108,0.01698354295702309
316,2023-11-16,2023-09-30,2023-11-16,2023-11-16 to 2024-02-15,"['CNI', 'CP', 'CRM', 'ELV', 'FISV', 'MCO', 'MSFT', 'NVDA', 'SHC', 'SPGI']",8907.936304582241,0.01594273232972343,-0.10920636954177587,0.18455978459755795
317,2023-11-17,2023-09-30,2023-11-16,2023-11-16 to 2024-02-15,"['CNI', 'CP', 'CRM', 'ELV', 'FISV', 'MCO', 'MSFT', 'NVDA', 'SHC', 'SPGI']",8903.471609934188,-0.0005012041504783848,-0.10965283900658118,0.18455978459755795
318,2023-11-20,2023-09-30,2023-11-16,2023-11-16 to 2024-02-15,"['CNI', 'CP', 'CRM', 'ELV', 'FISV', 'MCO', 'MSFT', 'NVDA', 'SHC', 'SPGI']",8991.48873441379,0.009885708444489882,-0.10085112655862105,0.18455978459755795
319,2023-11-21,2023-09-30,2023-11-16,2023-11-16 to 2024-02-15,"['CNI', 'CP', 'CRM', 'ELV', 'FISV', 'MCO', 'MSFT', 'NVDA', 'SHC', 'SPGI']",8971.295662368017,-0.0022457985148206516,-0.10287043376319838,0.18455978459755795
320,2023-11-22,2023-09-30,2023-11-16,2023-11-16 to 2024-02-15,"['CNI', 'CP', 'CRM', 'ELV', 'FISV', 'MCO', 'MSFT', 'NVDA', 'SHC', 'SPGI']",8985.873471814357,0.0016249391386675693,-0.10141265281856426,0.18455978459755795
321,2023-11-24,2023-09-30,2023-11-16,2023-11-16 to 2024-02-15,"['CNI', 'CP', 'CRM', 'ELV', 'FISV', 'MCO', 'MSFT', 'NVDA', 'SHC', 'SPGI']",9001.888930969368,0.0017822929741049265,-0.09981110690306327,0.18455978459755795
322,2023-11-27,2023-09-30,2023-11-16,2023-11-16 to 2024-02-15,"['CNI', 'CP', 'CRM', 'ELV', 'FISV', 'MCO', 'MSFT', 'NVDA', 'SHC', 'SPGI']",8942.37424928341,-0.006611354810345249,-0.10576257507165898,0.18455978459755795
323,2023-11-28,2023-09-30,2023-11-16,2023-11-16 to 2024-02-15,"['CNI', 'CP', 'CRM', 'ELV', 'FISV', 'MCO', 'MSFT', 'NVDA', 'SHC', 'SPGI']",8958.651236922298,0.001820208725908934,-0.10413487630777019,0.18455978459755795
324,2023-11-29,2023-09-30,2023-11-16,2023-11-16 to 2024-02-15,"['CNI', 'CP', 'CRM', 'ELV', 'FISV', 'MCO', 'MSFT', 'NVDA', 'SHC', 'SPGI']",8997.742366117502,0.004363506086060509,-0.10022576338824984,0.18455978459755795
325,2023-11-30,2023-09-30,2023-11-16,2023-11-16 to 2024-02-15,"['CNI', 'CP', 'CRM', 'ELV', 'FISV', 'MCO', 'MSFT', 'NVDA', 'SHC', 'SPGI']",9129.899476640156,0.014687807801689656,-0.08701005233598447,0.18455978459755795
326,2023-12-01,2023-09-30,2023-11-16,2023-11-16 to 2024-02-15,"['CNI', 'CP', 'CRM', 'ELV', 'FISV', 'MCO', 'MSFT', 'NVDA', 'SHC', 'SPGI']",9266.971515742931,0.01501353212633827,-0.07330284842570689,0.18455978459755795
327,2023-12-04,2023-09-30,2023-11-16,2023-11-16 to 2024-02-15,"['CNI', 'CP', 'CRM', 'ELV', 'FISV', 'MCO', 'MSFT', 'NVDA', 'SHC', 'SPGI']",9209.323787934087,-0.00622077317394476,-0.07906762120659128,0.18455978459755795
328,2023-12-05,2023-09-30,2023-11-16,2023-11-16 to 2024-02-15,"['CNI', 'CP', 'CRM', 'ELV', 'FISV', 'MCO', 'MSFT', 'NVDA', 'SHC', 'SPGI']",9207.653296142762,-0.00018139136268757738,-0.07923467038572385,0.18455978459755795
329,2023-12-06,2023-09-30,2023-11-16,2023-11-16 to 2024-02-15,"['CNI', 'CP', 'CRM', 'ELV', 'FISV', 'MCO', 'MSFT', 'NVDA', 'SHC', 'SPGI']",9164.008185808238,-0.0047400905454170195,-0.08359918141917622,0.18455978459755795
330,2023-12-07,2023-09-30,2023-11-16,2023-11-16 to 2024-02-15,"['CNI', 'CP', 'CRM', 'ELV', 'FISV', 'MCO', 'MSFT', 'NVDA', 'SHC', 'SPGI']",9190.596531410305,0.0029013882422370685,-0.08094034685896945,0.18455978459755795
331,2023-12-08,2023-09-30,2023-11-16,2023-11-16 to 2024-02-15,"['CNI', 'CP', 'CRM', 'ELV', 'FISV', 'MCO', 'MSFT', 'NVDA', 'SHC', 'SPGI']",9242.34772924706,0.005630885618782999,-0.07576522707529398,0.18455978459755795
332,2023-12-11,2023-09-30,2023-11-16,2023-11-16 to 2024-02-15,"['CNI', 'CP', 'CRM', 'ELV', 'FISV', 'MCO', 'MSFT', 'NVDA', 'SHC', 'SPGI']",9275.84886692742,0.0036247432645653,-0.07241511330725803,0.18455978459755795
333,2023-12-12,2023-09-30,2023-11-16,2023-11-16 to 2024-02-15,"['CNI', 'CP', 'CRM', 'ELV', 'FISV', 'MCO', 'MSFT', 'NVDA', 'SHC', 'SPGI']",9359.501049265646,0.009018277845867395,-0.06404989507343539,0.18455978459755795
334,2023-12-13,2023-09-30,2023-11-16,2023-11-16 to 2024-02-15,"['CNI', 'CP', 'CRM', 'ELV', 'FISV', 'MCO', 'MSFT', 'NVDA', 'SHC', 'SPGI']",9485.364038897987,0.013447617449887206,-0.05146359611020124,0.18455978459755795
335,2023-12-14,2023-09-30,2023-11-16,2023-11-16 to 2024-02-15,"['CNI', 'CP', 'CRM', 'ELV', 'FISV', 'MCO', 'MSFT', 'NVDA', 'SHC', 'SPGI']",9520.887061316145,0.0037450352218937333,-0.04791129386838544,0.18455978459755795
336,2023-12-15,2023-09-30,2023-11-16,2023-11-16 to 2024-02-15,"['CNI', 'CP', 'CRM', 'ELV', 'FISV', 'MCO', 'MSFT', 'NVDA', 'SHC', 'SPGI']",9521.504680545408,6.486992496435029e-05,-0.04784953194545927,0.18455978459755795
337,2023-12-18,2023-09-30,2023-11-16,2023-11-16 to 2024-02-15,"['CNI', 'CP', 'CRM', 'ELV', 'FISV', 'MCO', 'MSFT', 'NVDA', 'SHC', 'SPGI']",9597.4039277929,0.007971350095806962,-0.04025960722070998,0.18455978459755795
338,2023-12-19,2023-09-30,2023-11-16,2023-11-16 to 2024-02-15,"['CNI', 'CP', 'CRM', 'ELV', 'FISV', 'MCO', 'MSFT', 'NVDA', 'SHC', 'SPGI']",9649.621249977936,0.005440775711629708,-0.03503787500220645,0.18455978459755795
339,2023-12-20,2023-09-30,2023-11-16,2023-11-16 to 2024-02-15,"['CNI', 'CP', 'CRM', 'ELV', 'FISV', 'MCO', 'MSFT', 'NVDA', 'SHC', 'SPGI']",9525.676520256746,-0.012844517573316505,-0.047432347974325384,0.18455978459755795
340,2023-12-21,2023-09-30,2023-11-16,2023-11-16 to 2024-02-15,"['CNI', 'CP', 'CRM', 'ELV', 'FISV', 'MCO', 'MSFT', 'NVDA', 'SHC', 'SPGI']",9651.083893570145,0.013165193364137018,-0.034891610642985516,0.18455978459755795
341,2023-12-22,2023-09-30,2023-11-16,2023-11-16 to 2024-02-15,"['CNI', 'CP', 'CRM', 'ELV', 'FISV', 'MCO', 'MSFT', 'NVDA', 'SHC', 'SPGI']",9676.191684426594,0.0026015514043118415,-0.03238083155734062,0.18455978459755795
342,2023-12-26,2023-09-30,2023-11-16,2023-11-16 to 2024-02-15,"['CNI', 'CP', 'CRM', 'ELV', 'FISV', 'MCO', 'MSFT', 'NVDA', 'SHC', 'SPGI']",9713.720232313757,0.0038784419646795687,-0.028627976768624275,0.18455978459755795
343,2023-12-27,2023-09-30,2023-11-16,2023-11-16 to 2024-02-15,"['CNI', 'CP', 'CRM', 'ELV', 'FISV', 'MCO', 'MSFT', 'NVDA', 'SHC', 'SPGI']",9750.984878271345,0.003836289811355975,-0.024901512172865514,0.18455978459755795
344,2023-12-28,2023-09-30,2023-11-16,2023-11-16 to 2024-02-15,"['CNI', 'CP', 'CRM', 'ELV', 'FISV', 'MCO', 'MSFT', 'NVDA', 'SHC', 'SPGI']",9748.423323873314,-0.0002626969921509792,-0.025157667612668577,0.18455978459755795
345,2023-12-29,2023-09-30,2023-11-16,2023-11-16 to 2024-02-15,"['CNI', 'CP', 'CRM', 'ELV', 'FISV', 'MCO', 'MSFT', 'NVDA', 'SHC', 'SPGI']",9719.716670412156,-0.002944748346212833,-0.028028332958784485,0.18455978459755795
346,2024-01-02,2023-09-30,2023-11-16,2023-11-16 to 2024-02-15,"['CNI', 'CP', 'CRM', 'ELV', 'FISV', 'MCO', 'MSFT', 'NVDA', 'SHC', 'SPGI']",9630.452391554747,-0.00918383548454027,-0.036954760844525314,0.18455978459755795
347,2024-01-03,2023-09-30,2023-11-16,2023-11-16 to 2024-02-15,"['CNI', 'CP', 'CRM', 'ELV', 'FISV', 'MCO', 'MSFT', 'NVDA', 'SHC', 'SPGI']",9523.290531707704,-0.011127396252019972,-0.047670946829229566,0.18455978459755795
348,2024-01-04,2023-09-30,2023-11-16,2023-11-16 to 2024-02-15,"['CNI', 'CP', 'CRM', 'ELV', 'FISV', 'MCO', 'MSFT', 'NVDA', 'SHC', 'SPGI']",9539.988500442782,0.0017533822662956222,-0.0460011499557218,0.18455978459755795
349,2024-01-05,2023-09-30,2023-11-16,2023-11-16 to 2024-02-15,"['CNI', 'CP', 'CRM', 'ELV', 'FISV', 'MCO', 'MSFT', 'NVDA', 'SHC', 'SPGI']",9506.785502502542,-0.0034804023022353414,-0.04932144974974584,0.18455978459755795
350,2024-01-08,2023-09-30,2023-11-16,2023-11-16 to 2024-02-15,"['CNI', 'CP', 'CRM', 'ELV', 'FISV', 'MCO', 'MSFT', 'NVDA', 'SHC', 'SPGI']",9660.240722147664,0.016141651623961417,-0.03397592778523362,0.18455978459755795
351,2024-01-09,2023-09-30,2023-11-16,2023-11-16 to 2024-02-15,"['CNI', 'CP', 'CRM', 'ELV', 'FISV', 'MCO', 'MSFT', 'NVDA', 'SHC', 'SPGI']",9700.279626968826,0.004144710879653957,-0.02997203730311737,0.18455978459755795
352,2024-01-10,2023-09-30,2023-11-16,2023-11-16 to 2024-02-15,"['CNI', 'CP', 'CRM', 'ELV', 'FISV', 'MCO', 'MSFT', 'NVDA', 'SHC', 'SPGI']",9715.466565343555,0.0015656186170660558,-0.028453343465644543,0.18455978459755795
353,2024-01-11,2023-09-30,2023-11-16,2023-11-16 to 2024-02-15,"['CNI', 'CP', 'CRM', 'ELV', 'FISV', 'MCO', 'MSFT', 'NVDA', 'SHC', 'SPGI']",9730.937348232455,0.0015923870238088167,-0.02690626517675443,0.18455978459755795
354,2024-01-12,2023-09-30,2023-11-16,2023-11-16 to 2024-02-15,"['CNI', 'CP', 'CRM', 'ELV', 'FISV', 'MCO', 'MSFT', 'NVDA', 'SHC', 'SPGI']",9766.681225054537,0.0036732203222513693,-0.023331877494546238,0.18455978459755795
355,2024-01-16,2023-09-30,2023-11-16,2023-11-16 to 2024-02-15,"['CNI', 'CP', 'CRM', 'ELV', 'FISV', 'MCO', 'MSFT', 'NVDA', 'SHC', 'SPGI']",9774.625409044143,0.0008133964656518167,-0.022537459095585688,0.18455978459755795
356,2024-01-17,2023-09-30,2023-11-16,2023-11-16 to 2024-02-15,"['CNI', 'CP', 'CRM', 'ELV', 'FISV', 'MCO', 'MSFT', 'NVDA', 'SHC', 'SPGI']",9715.779010663437,-0.0060203226126965825,-0.028422098933656326,0.18455978459755795
357,2024-01-18,2023-09-30,2023-11-16,2023-11-16 to 2024-02-15,"['CNI', 'CP', 'CRM', 'ELV', 'FISV', 'MCO', 'MSFT', 'NVDA', 'SHC', 'SPGI']",9788.626243494931,0.007497827271651714,-0.021137375650506884,0.18455978459755795
358,2024-01-19,2023-09-30,2023-11-16,2023-11-16 to 2024-02-15,"['CNI', 'CP', 'CRM', 'ELV', 'FISV', 'MCO', 'MSFT', 'NVDA', 'SHC', 'SPGI']",9928.6279617702,0.0143024889083192,-0.007137203822979998,0.18455978459755795
359,2024-01-22,2023-09-30,2023-11-16,2023-11-16 to 2024-02-15,"['CNI', 'CP', 'CRM', 'ELV', 'FISV', 'MCO', 'MSFT', 'NVDA', 'SHC', 'SPGI']",9959.702109511622,0.003129752455331314,-0.004029789048837884,0.18455978459755795
360,2024-01-23,2023-09-30,2023-11-16,2023-11-16 to 2024-02-15,"['CNI', 'CP', 'CRM', 'ELV', 'FISV', 'MCO', 'MSFT', 'NVDA', 'SHC', 'SPGI']",9956.056542821561,-0.00036603169954030346,-0.004394345717843917,0.18455978459755795
361,2024-01-24,2023-09-30,2023-11-16,2023-11-16 to 2024-02-15,"['CNI', 'CP', 'CRM', 'ELV', 'FISV', 'MCO', 'MSFT', 'NVDA', 'SHC', 'SPGI']",9942.990702200528,-0.0013123509860391014,-0.005700929779947184,0.18455978459755795
362,2024-01-25,2023-09-30,2023-11-16,2023-11-16 to 2024-02-15,"['CNI', 'CP', 'CRM', 'ELV', 'FISV', 'MCO', 'MSFT', 'NVDA', 'SHC', 'SPGI']",10029.277997366316,0.008678203344461677,0.0029277997366317088,0.18455978459755795
363,2024-01-26,2023-09-30,2023-11-16,2023-11-16 to 2024-02-15,"['CNI', 'CP', 'CRM', 'ELV', 'FISV', 'MCO', 'MSFT', 'NVDA', 'SHC', 'SPGI']",10019.616305552388,-0.0009633486893537713,0.0019616305552387914,0.18455978459755795
364,2024-01-29,2023-09-30,2023-11-16,2023-11-16 to 2024-02-15,"['CNI', 'CP', 'CRM', 'ELV', 'FISV', 'MCO', 'MSFT', 'NVDA', 'SHC', 'SPGI']",10132.278738862879,0.011244186391454747,0.013227873886287878,0.18455978459755795
365,2024-01-30,2023-09-30,2023-11-16,2023-11-16 to 2024-02-15,"['CNI', 'CP', 'CRM', 'ELV', 'FISV', 'MCO', 'MSFT', 'NVDA', 'SHC', 'SPGI']",10160.16324617642,0.0027520470006998643,0.01601632461764213,0.18455978459755795
366,2024-01-31,2023-09-30,2023-11-16,2023-11-16 to 2024-02-15,"['CNI', 'CP', 'CRM', 'ELV', 'FISV', 'MCO', 'MSFT', 'NVDA', 'SHC', 'SPGI']",10058.077427302946,-0.010047655377180331,0.005807742730294496,0.18455978459755795
367,2024-02-01,2023-09-30,2023-11-16,2023-11-16 to 2024-02-15,"['CNI', 'CP', 'CRM', 'ELV', 'FISV', 'MCO', 'MSFT', 'NVDA', 'SHC', 'SPGI']",10270.969710512898,0.021166299896643315,0.02709697105128983,0.18455978459755795
368,2024-02-02,2023-09-30,2023-11-16,2023-11-16 to 2024-02-15,"['CNI', 'CP', 'CRM', 'ELV', 'FISV', 'MCO', 'MSFT', 'NVDA', 'SHC', 'SPGI']",10327.189480664872,0.005473657476998461,0.03271894806648734,0.18455978459755795
369,2024-02-05,2023-09-30,2023-11-16,2023-11-16 to 2024-02-15,"['CNI', 'CP', 'CRM', 'ELV', 'FISV', 'MCO', 'MSFT', 'NVDA', 'SHC', 'SPGI']",10356.963473386102,0.002883068309821768,0.03569634733861027,0.18455978459755795
370,2024-02-06,2023-09-30,2023-11-16,2023-11-16 to 2024-02-15,"['CNI', 'CP', 'CRM', 'ELV', 'FISV', 'MCO', 'MSFT', 'NVDA', 'SHC', 'SPGI']",10380.075619717587,0.0022315562269650258,0.038007561971758586,0.18455978459755795
371,2024-02-07,2023-09-30,2023-11-16,2023-11-16 to 2024-02-15,"['CNI', 'CP', 'CRM', 'ELV', 'FISV', 'MCO', 'MSFT', 'NVDA', 'SHC', 'SPGI']",10491.84658783628,0.010767837558560478,0.04918465878362799,0.18455978459755795
372,2024-02-08,2023-09-30,2023-11-16,2023-11-16 to 2024-02-15,"['CNI', 'CP', 'CRM', 'ELV', 'FISV', 'MCO', 'MSFT', 'NVDA', 'SHC', 'SPGI']",10487.007891887828,-0.00046118630385449944,0.048700789188782734,0.18455978459755795
373,2024-02-09,2023-09-30,2023-11-16,2023-11-16 to 2024-02-15,"['CNI', 'CP', 'CRM', 'ELV', 'FISV', 'MCO', 'MSFT', 'NVDA', 'SHC', 'SPGI']",10598.310879094019,0.010613416939667664,0.05983108790940195,0.18455978459755795
374,2024-02-12,2023-09-30,2023-11-16,2023-11-16 to 2024-02-15,"['CNI', 'CP', 'CRM', 'ELV', 'FISV', 'MCO', 'MSFT', 'NVDA', 'SHC', 'SPGI']",10519.296228765263,-0.007455400320877437,0.05192962287652625,0.18455978459755795
375,2024-02-13,2023-09-30,2023-11-16,2023-11-16 to 2024-02-15,"['CNI', 'CP', 'CRM', 'ELV', 'FISV', 'MCO', 'MSFT', 'NVDA', 'SHC', 'SPGI']",10315.54633693054,-0.019369156206245464,0.03155463369305389,0.18455978459755795
376,2024-02-14,2023-09-30,2023-11-16,2023-11-16 to 2024-02-15,"['CNI', 'CP', 'CRM', 'ELV', 'FISV', 'MCO', 'MSFT', 'NVDA', 'SHC', 'SPGI']",10490.786126703139,0.016987931036209325,0.04907861267031377,0.18455978459755795
377,2024-02-15,2023-09-30,2023-11-16,2023-11-16 to 2024-02-15,"['CNI', 'CP', 'CRM', 'ELV', 'FISV', 'MCO', 'MSFT', 'NVDA', 'SHC', 'SPGI']",10551.983110164705,0.00583340301884494,0.055198311016470436,0.18455978459755795
378,2024-02-16,2023-12-31,2024-02-16,2024-02-16 to 2024-05-16,"['AMD', 'AMZN', 'CNI', 'CP', 'DXCM', 'MCO', 'MSFT', 'NVDA', 'SHC', 'SPGI']",10555.609228456953,0.000343643299500318,0.05556092284569525,0.026408581193351877
379,2024-02-20,2023-12-31,2024-02-16,2024-02-16 to 2024-05-16,"['AMD', 'AMZN', 'CNI', 'CP', 'DXCM', 'MCO', 'MSFT', 'NVDA', 'SHC', 'SPGI']",10423.858938335068,-0.01248154296643511,0.04238589383350688,0.026408581193351877
380,2024-02-21,2023-12-31,2024-02-16,2024-02-16 to 2024-05-16,"['AMD', 'AMZN', 'CNI', 'CP', 'DXCM', 'MCO', 'MSFT', 'NVDA', 'SHC', 'SPGI']",10404.4338514758,-0.0018635216549055533,0.04044338514758006,0.026408581193351877
381,2024-02-22,2023-12-31,2024-02-16,2024-02-16 to 2024-05-16,"['AMD', 'AMZN', 'CNI', 'CP', 'DXCM', 'MCO', 'MSFT', 'NVDA', 'SHC', 'SPGI']",10831.719171046176,0.04106761844708817,0.08317191710461747,0.026408581193351877
382,2024-02-23,2023-12-31,2024-02-16,2024-02-16 to 2024-05-16,"['AMD', 'AMZN', 'CNI', 'CP', 'DXCM', 'MCO', 'MSFT', 'NVDA', 'SHC', 'SPGI']",10826.865453549242,-0.00044810222830626856,0.08268654535492415,0.026408581193351877
383,2024-02-26,2023-12-31,2024-02-16,2024-02-16 to 2024-05-16,"['AMD', 'AMZN', 'CNI', 'CP', 'DXCM', 'MCO', 'MSFT', 'NVDA', 'SHC', 'SPGI']",10809.849818837567,-0.0015716122810132127,0.08098498188375669,0.026408581193351877
384,2024-02-27,2023-12-31,2024-02-16,2024-02-16 to 2024-05-16,"['AMD', 'AMZN', 'CNI', 'CP', 'DXCM', 'MCO', 'MSFT', 'NVDA', 'SHC', 'SPGI']",10789.17099725336,-0.00191296104300831,0.07891709972533612,0.026408581193351877
385,2024-02-28,2023-12-31,2024-02-16,2024-02-16 to 2024-05-16,"['AMD', 'AMZN', 'CNI', 'CP', 'DXCM', 'MCO', 'MSFT', 'NVDA', 'SHC', 'SPGI']",10583.275514727915,-0.01908353130911189,0.05832755147279145,0.026408581193351877
386,2024-02-29,2023-12-31,2024-02-16,2024-02-16 to 2024-05-16,"['AMD', 'AMZN', 'CNI', 'CP', 'DXCM', 'MCO', 'MSFT', 'NVDA', 'SHC', 'SPGI']",10747.12563428048,0.015481985640886764,0.0747125634280481,0.026408581193351877
387,2024-03-01,2023-12-31,2024-02-16,2024-02-16 to 2024-05-16,"['AMD', 'AMZN', 'CNI', 'CP', 'DXCM', 'MCO', 'MSFT', 'NVDA', 'SHC', 'SPGI']",10929.829052949759,0.017000212418332827,0.09298290529497599,0.026408581193351877
388,2024-03-04,2023-12-31,2024-02-16,2024-02-16 to 2024-05-16,"['AMD', 'AMZN', 'CNI', 'CP', 'DXCM', 'MCO', 'MSFT', 'NVDA', 'SHC', 'SPGI']",10977.218932859583,0.004335829927462065,0.09772189328595826,0.026408581193351877
389,2024-03-05,2023-12-31,2024-02-16,2024-02-16 to 2024-05-16,"['AMD', 'AMZN', 'CNI', 'CP', 'DXCM', 'MCO', 'MSFT', 'NVDA', 'SHC', 'SPGI']",10882.663417661146,-0.008613795149461034,0.0882663417661147,0.026408581193351877
390,2024-03-06,2023-12-31,2024-02-16,2024-02-16 to 2024-05-16,"['AMD', 'AMZN', 'CNI', 'CP', 'DXCM', 'MCO', 'MSFT', 'NVDA', 'SHC', 'SPGI']",11102.306264052928,0.020182820874100615,0.1102306264052928,0.026408581193351877
391,2024-03-07,2023-12-31,2024-02-16,2024-02-16 to 2024-05-16,"['AMD', 'AMZN', 'CNI', 'CP', 'DXCM', 'MCO', 'MSFT', 'NVDA', 'SHC', 'SPGI']",11237.060732789201,0.01213752039723337,0.12370607327892014,0.026408581193351877
392,2024-03-08,2023-12-31,2024-02-16,2024-02-16 to 2024-05-16,"['AMD', 'AMZN', 'CNI', 'CP', 'DXCM', 'MCO', 'MSFT', 'NVDA', 'SHC', 'SPGI']",11115.787143765438,-0.010792287405717471,0.11157871437654365,0.026408581193351877
393,2024-03-11,2023-12-31,2024-02-16,2024-02-16 to 2024-05-16,"['AMD', 'AMZN', 'CNI', 'CP', 'DXCM', 'MCO', 'MSFT', 'NVDA', 'SHC', 'SPGI']",10990.64171687602,-0.01125835042276857,0.09906417168760195,0.026408581193351877
394,2024-03-12,2023-12-31,2024-02-16,2024-02-16 to 2024-05-16,"['AMD', 'AMZN', 'CNI', 'CP', 'DXCM', 'MCO', 'MSFT', 'NVDA', 'SHC', 'SPGI']",11199.634020475998,0.019015477802271752,0.11996340204759992,0.026408581193351877
395,2024-03-13,2023-12-31,2024-02-16,2024-02-16 to 2024-05-16,"['AMD', 'AMZN', 'CNI', 'CP', 'DXCM', 'MCO', 'MSFT', 'NVDA', 'SHC', 'SPGI']",11132.441475487329,-0.005999530419103283,0.11324414754873291,0.026408581193351877
396,2024-03-14,2023-12-31,2024-02-16,2024-02-16 to 2024-05-16,"['AMD', 'AMZN', 'CNI', 'CP', 'DXCM', 'MCO', 'MSFT', 'NVDA', 'SHC', 'SPGI']",11013.791041472992,-0.010658078398668835,0.10137910414729912,0.026408581193351877
397,2024-03-15,2023-12-31,2024-02-16,2024-02-16 to 2024-05-16,"['AMD', 'AMZN', 'CNI', 'CP', 'DXCM', 'MCO', 'MSFT', 'NVDA', 'SHC', 'SPGI']",11019.9603117076,0.0005601404830886114,0.10199603117075995,0.026408581193351877
398,2024-03-18,2023-12-31,2024-02-16,2024-02-16 to 2024-05-16,"['AMD', 'AMZN', 'CNI', 'CP', 'DXCM', 'MCO', 'MSFT', 'NVDA', 'SHC', 'SPGI']",11067.085846896518,0.004276379756000814,0.10670858468965183,0.026408581193351877
399,2024-03-19,2023-12-31,2024-02-16,2024-02-16 to 2024-05-16,"['AMD', 'AMZN', 'CNI', 'CP', 'DXCM', 'MCO', 'MSFT', 'NVDA', 'SHC', 'SPGI']",10942.56174622682,-0.01125175158053171,0.09425617462268199,0.026408581193351877
400,2024-03-20,2023-12-31,2024-02-16,2024-02-16 to 2024-05-16,"['AMD', 'AMZN', 'CNI', 'CP', 'DXCM', 'MCO', 'MSFT', 'NVDA', 'SHC', 'SPGI']",10928.327653809902,-0.0013008007399937238,0.09283276538099017,0.026408581193351877
401,2024-03-21,2023-12-31,2024-02-16,2024-02-16 to 2024-05-16,"['AMD', 'AMZN', 'CNI', 'CP', 'DXCM', 'MCO', 'MSFT', 'NVDA', 'SHC', 'SPGI']",10973.973594309748,0.004176845894983128,0.09739735943097472,0.026408581193351877
402,2024-03-22,2023-12-31,2024-02-16,2024-02-16 to 2024-05-16,"['AMD', 'AMZN', 'CNI', 'CP', 'DXCM', 'MCO', 'MSFT', 'NVDA', 'SHC', 'SPGI']",10943.401022927788,-0.0027859162516858937,0.09434010229277878,0.026408581193351877
403,2024-03-25,2023-12-31,2024-02-16,2024-02-16 to 2024-05-16,"['AMD', 'AMZN', 'CNI', 'CP', 'DXCM', 'MCO', 'MSFT', 'NVDA', 'SHC', 'SPGI']",10985.7205522626,0.003867127709763052,0.09857205522626011,0.026408581193351877
404,2024-03-26,2023-12-31,2024-02-16,2024-02-16 to 2024-05-16,"['AMD', 'AMZN', 'CNI', 'CP', 'DXCM', 'MCO', 'MSFT', 'NVDA', 'SHC', 'SPGI']",10934.412566364024,-0.004670425180987259,0.09344125663640246,0.026408581193351877
405,2024-03-27,2023-12-31,2024-02-16,2024-02-16 to 2024-05-16,"['AMD', 'AMZN', 'CNI', 'CP', 'DXCM', 'MCO', 'MSFT', 'NVDA', 'SHC', 'SPGI']",10973.087724754729,0.0035370129081899737,0.09730877247547287,0.026408581193351877
406,2024-03-28,2023-12-31,2024-02-16,2024-02-16 to 2024-05-16,"['AMD', 'AMZN', 'CNI', 'CP', 'DXCM', 'MCO', 'MSFT', 'NVDA', 'SHC', 'SPGI']",10994.968054037698,0.0019939993037336734,0.0994968054037697,0.026408581193351877
407,2024-04-01,2023-12-31,2024-02-16,2024-02-16 to 2024-05-16,"['AMD', 'AMZN', 'CNI', 'CP', 'DXCM', 'MCO', 'MSFT', 'NVDA', 'SHC', 'SPGI']",11000.606329402377,0.0005128050701892484,0.10006063294023759,0.026408581193351877
408,2024-04-02,2023-12-31,2024-02-16,2024-02-16 to 2024-05-16,"['AMD', 'AMZN', 'CNI', 'CP', 'DXCM', 'MCO', 'MSFT', 'NVDA', 'SHC', 'SPGI']",10886.498281153577,-0.010372887169301959,0.08864982811535782,0.026408581193351877
409,2024-04-03,2023-12-31,2024-02-16,2024-02-16 to 2024-05-16,"['AMD', 'AMZN', 'CNI', 'CP', 'DXCM', 'MCO', 'MSFT', 'NVDA', 'SHC', 'SPGI']",10940.557529415917,0.004965715041348462,0.09405575294159174,0.026408581193351877
410,2024-04-04,2023-12-31,2024-02-16,2024-02-16 to 2024-05-16,"['AMD', 'AMZN', 'CNI', 'CP', 'DXCM', 'MCO', 'MSFT', 'NVDA', 'SHC', 'SPGI']",10710.492849932367,-0.021028606528047056,0.0710492849932367,0.026408581193351877
411,2024-04-05,2023-12-31,2024-02-16,2024-02-16 to 2024-05-16,"['AMD', 'AMZN', 'CNI', 'CP', 'DXCM', 'MCO', 'MSFT', 'NVDA', 'SHC', 'SPGI']",10890.894067783476,0.016843409577762758,0.08908940677834765,0.026408581193351877
412,2024-04-08,2023-12-31,2024-02-16,2024-02-16 to 2024-05-16,"['AMD', 'AMZN', 'CNI', 'CP', 'DXCM', 'MCO', 'MSFT', 'NVDA', 'SHC', 'SPGI']",10920.55229700145,0.002723213450923856,0.0920552297001449,0.026408581193351877
413,2024-04-09,2023-12-31,2024-02-16,2024-02-16 to 2024-05-16,"['AMD', 'AMZN', 'CNI', 'CP', 'DXCM', 'MCO', 'MSFT', 'NVDA', 'SHC', 'SPGI']",10948.111384492777,0.002523598325598897,0.09481113844927758,0.026408581193351877
414,2024-04-10,2023-12-31,2024-02-16,2024-02-16 to 2024-05-16,"['AMD', 'AMZN', 'CNI', 'CP', 'DXCM', 'MCO', 'MSFT', 'NVDA', 'SHC', 'SPGI']",10852.71021900838,-0.008713938151883038,0.08527102190083813,0.026408581193351877
415,2024-04-11,2023-12-31,2024-02-16,2024-02-16 to 2024-05-16,"['AMD', 'AMZN', 'CNI', 'CP', 'DXCM', 'MCO', 'MSFT', 'NVDA', 'SHC', 'SPGI']",10912.33859029813,0.005494329995590519,0.09123385902981296,0.026408581193351877
416,2024-04-12,2023-12-31,2024-02-16,2024-02-16 to 2024-05-16,"['AMD', 'AMZN', 'CNI', 'CP', 'DXCM', 'MCO', 'MSFT', 'NVDA', 'SHC', 'SPGI']",10712.426586484977,-0.018319813132529617,0.07124265864849777,0.026408581193351877
417,2024-04-15,2023-12-31,2024-02-16,2024-02-16 to 2024-05-16,"['AMD', 'AMZN', 'CNI', 'CP', 'DXCM', 'MCO', 'MSFT', 'NVDA', 'SHC', 'SPGI']",10559.071586605156,-0.014315617347921639,0.055907158660515544,0.026408581193351877
418,2024-04-16,2023-12-31,2024-02-16,2024-02-16 to 2024-05-16,"['AMD', 'AMZN', 'CNI', 'CP', 'DXCM', 'MCO', 'MSFT', 'NVDA', 'SHC', 'SPGI']",10571.243394403984,0.0011527346603339428,0.05712433944039841,0.026408581193351877
419,2024-04-17,2023-12-31,2024-02-16,2024-02-16 to 2024-05-16,"['AMD', 'AMZN', 'CNI', 'CP', 'DXCM', 'MCO', 'MSFT', 'NVDA', 'SHC', 'SPGI']",10427.891355243575,-0.013560565565664096,0.04278913552435748,0.026408581193351877
420,2024-04-18,2023-12-31,2024-02-16,2024-02-16 to 2024-05-16,"['AMD', 'AMZN', 'CNI', 'CP', 'DXCM', 'MCO', 'MSFT', 'NVDA', 'SHC', 'SPGI']",10426.53172556957,-0.00013038395085707144,0.042653172556957,0.026408581193351877
421,2024-04-19,2023-12-31,2024-02-16,2024-02-16 to 2024-05-16,"['AMD', 'AMZN', 'CNI', 'CP', 'DXCM', 'MCO', 'MSFT', 'NVDA', 'SHC', 'SPGI']",10192.23742137331,-0.022470972166294567,0.019223742137330913,0.026408581193351877
422,2024-04-22,2023-12-31,2024-02-16,2024-02-16 to 2024-05-16,"['AMD', 'AMZN', 'CNI', 'CP', 'DXCM', 'MCO', 'MSFT', 'NVDA', 'SHC', 'SPGI']",10348.779882230958,0.015358988844723642,0.034877988223095846,0.026408581193351877
423,2024-04-23,2023-12-31,2024-02-16,2024-02-16 to 2024-05-16,"['AMD', 'AMZN', 'CNI', 'CP', 'DXCM', 'MCO', 'MSFT', 'NVDA', 'SHC', 'SPGI']",10501.659857220844,0.014772753573818243,0.050165985722084416,0.026408581193351877
424,2024-04-24,2023-12-31,2024-02-16,2024-02-16 to 2024-05-16,"['AMD', 'AMZN', 'CNI', 'CP', 'DXCM', 'MCO', 'MSFT', 'NVDA', 'SHC', 'SPGI']",10345.745697198998,-0.014846620642987363,0.034574569719899806,0.026408581193351877
425,2024-04-25,2023-12-31,2024-02-16,2024-02-16 to 2024-05-16,"['AMD', 'AMZN', 'CNI', 'CP', 'DXCM', 'MCO', 'MSFT', 'NVDA', 'SHC', 'SPGI']",10366.46016424102,0.00200222078217438,0.036646016424102035,0.026408581193351877
426,2024-04-26,2023-12-31,2024-02-16,2024-02-16 to 2024-05-16,"['AMD', 'AMZN', 'CNI', 'CP', 'DXCM', 'MCO', 'MSFT', 'NVDA', 'SHC', 'SPGI']",10400.49176486322,0.0032828564508058378,0.040049176486322,0.026408581193351877
427,2024-04-29,2023-12-31,2024-02-16,2024-02-16 to 2024-05-16,"['AMD', 'AMZN', 'CNI', 'CP', 'DXCM', 'MCO', 'MSFT', 'NVDA', 'SHC', 'SPGI']",10402.738138161842,0.00021598721958615563,0.04027381381618422,0.026408581193351877
428,2024-04-30,2023-12-31,2024-02-16,2024-02-16 to 2024-05-16,"['AMD', 'AMZN', 'CNI', 'CP', 'DXCM', 'MCO', 'MSFT', 'NVDA', 'SHC', 'SPGI']",10242.152638225283,-0.015436849202947855,0.024215263822528366,0.026408581193351877
429,2024-05-01,2023-12-31,2024-02-16,2024-02-16 to 2024-05-16,"['AMD', 'AMZN', 'CNI', 'CP', 'DXCM', 'MCO', 'MSFT', 'NVDA', 'SHC', 'SPGI']",10133.060055812271,-0.010651333393124962,0.013306005581227076,0.026408581193351877
430,2024-05-02,2023-12-31,2024-02-16,2024-02-16 to 2024-05-16,"['AMD', 'AMZN', 'CNI', 'CP', 'DXCM', 'MCO', 'MSFT', 'NVDA', 'SHC', 'SPGI']",10256.35726351903,0.012167815746442434,0.02563572635190292,0.026408581193351877
431,2024-05-03,2023-12-31,2024-02-16,2024-02-16 to 2024-05-16,"['AMD', 'AMZN', 'CNI', 'CP', 'DXCM', 'MCO', 'MSFT', 'NVDA', 'SHC', 'SPGI']",10428.30469446042,0.01676496113810222,0.04283046944604196,0.026408581193351877
432,2024-05-06,2023-12-31,2024-02-16,2024-02-16 to 2024-05-16,"['AMD', 'AMZN', 'CNI', 'CP', 'DXCM', 'MCO', 'MSFT', 'NVDA', 'SHC', 'SPGI']",10635.737900461703,0.01989136413625059,0.06357379004617036,0.026408581193351877
433,2024-05-07,2023-12-31,2024-02-16,2024-02-16 to 2024-05-16,"['AMD', 'AMZN', 'CNI', 'CP', 'DXCM', 'MCO', 'MSFT', 'NVDA', 'SHC', 'SPGI']",10624.561231965705,-0.0010508597147277365,0.06245612319657057,0.026408581193351877
434,2024-05-08,2023-12-31,2024-02-16,2024-02-16 to 2024-05-16,"['AMD', 'AMZN', 'CNI', 'CP', 'DXCM', 'MCO', 'MSFT', 'NVDA', 'SHC', 'SPGI']",10591.365631038117,-0.003124420877514744,0.05913656310381166,0.026408581193351877
435,2024-05-09,2023-12-31,2024-02-16,2024-02-16 to 2024-05-16,"['AMD', 'AMZN', 'CNI', 'CP', 'DXCM', 'MCO', 'MSFT', 'NVDA', 'SHC', 'SPGI']",10633.50641940569,0.003978787045560761,0.06335064194056894,0.026408581193351877
436,2024-05-10,2023-12-31,2024-02-16,2024-02-16 to 2024-05-16,"['AMD', 'AMZN', 'CNI', 'CP', 'DXCM', 'MCO', 'MSFT', 'NVDA', 'SHC', 'SPGI']",10612.818964862367,-0.0019454969722471072,0.06128189648623672,0.026408581193351877
437,2024-05-13,2023-12-31,2024-02-16,2024-02-16 to 2024-05-16,"['AMD', 'AMZN', 'CNI', 'CP', 'DXCM', 'MCO', 'MSFT', 'NVDA', 'SHC', 'SPGI']",10571.710310568162,-0.003873490580618588,0.05717103105681609,0.026408581193351877
438,2024-05-14,2023-12-31,2024-02-16,2024-02-16 to 2024-05-16,"['AMD', 'AMZN', 'CNI', 'CP', 'DXCM', 'MCO', 'MSFT', 'NVDA', 'SHC', 'SPGI']",10624.249551271114,0.00496979572457934,0.06242495512711144,0.026408581193351877
439,2024-05-15,2023-12-31,2024-02-16,2024-02-16 to 2024-05-16,"['AMD', 'AMZN', 'CNI', 'CP', 'DXCM', 'MCO', 'MSFT', 'NVDA', 'SHC', 'SPGI']",10785.03264427847,0.015133595293619573,0.07850326442784694,0.026408581193351877
440,2024-05-16,2023-12-31,2024-02-16,2024-02-16 to 2024-05-16,"['AMD', 'AMZN', 'CNI', 'CP', 'DXCM', 'MCO', 'MSFT', 'NVDA', 'SHC', 'SPGI']",10834.367891811953,0.00457441800694558,0.08343678918119535,0.026408581193351877
